sop_uid,study,study_n,region,fold,region_prob,region_pred,region_true,spine_any_prob,spine_any_pred,spine_any_true,spine_pos_prob,spine_pos_pred,spine_pos_true,spine_axis_prob,spine_axis_pred,spine_axis_true,spine_foreign_prob,spine_foreign_pred,spine_foreign_true,hip_any_prob,hip_any_pred,hip_any_true,hip_pos_prob,hip_pos_pred,hip_pos_true,hip_roi_prob,hip_roi_pred,hip_roi_true
1.2.643.5.1.13.13.12.2.77.8252.14031015091008031013040205110915,1.2.840.113619.2.110.512719.20250403090444,24,spine,2,7.353604814852588e-06,0,0,0.11516222357749939,0,0,0.011244560591876507,0,0,0.03010033443570137,0,0,0.07613247632980347,0,0,,,,,,,,,
1.2.643.5.1.13.13.12.2.77.8252.06000812101106141213041404150112,1.2.840.113619.2.110.512719.20250403090444,24,hip,2,0.9999407529830933,1,1,,,,,,,,,,,,,0.07055959850549698,0,1,0.055310655385255814,0,1,0.021044565364718437,0,0
1.2.643.5.1.13.13.12.2.77.8252.13011105091309080008130511041109,1.2.840.113619.2.110.512719.20250403090444,24,hip,2,0.9999775886535645,1,1,,,,,,,,,,,,,0.291989266872406,1,0,0.2324843406677246,0,0,0.028544150292873383,0,0
1.2.643.5.1.13.13.12.2.77.8252.09050515110402090102050206010406,1.2.840.113619.2.110.512719.20250403092052,25,spine,3,0.00018023050506599247,0,0,0.5907201766967773,1,0,0.10557883977890015,0,0,0.19132767617702484,0,0,0.2857704162597656,1,0,,,,,,,,,
1.2.643.5.1.13.13.12.2.77.8252.07120303070106110214090814060908,1.2.840.113619.2.110.512719.20250403092052,25,hip,3,0.9999815225601196,1,1,,,,,,,,,,,,,0.1201288029551506,0,0,0.11182181537151337,0,0,0.01342825498431921,0,0
1.2.643.5.1.13.13.12.2.77.8252.06140010030611061314081200121305,1.2.840.113619.2.110.512719.20250403092052,25,hip,3,0.9999794960021973,1,1,,,,,,,,,,,,,0.0938439592719078,0,0,0.0616496242582798,0,0,0.017045317217707634,0,0
1.2.643.5.1.13.13.12.2.77.8252.07150612000412081110110102150004,1.2.840.113619.2.110.512719.20250407113211,26,spine,0,2.4490827854606323e-05,0,0,0.2330075204372406,0,0,0.031618766486644745,0,0,0.06153673678636551,0,0,0.11961366981267929,0,0,,,,,,,,,
1.2.643.5.1.13.13.12.2.77.8252.03030413031313090107050002151508,1.2.840.113619.2.110.512719.20250407113211,26,hip,0,0.9999983310699463,1,1,,,,,,,,,,,,,0.016466174274683,0,1,0.013273886404931545,0,1,0.007232763804495335,0,0
1.2.643.5.1.13.13.12.2.77.8252.08010006000103071201020606001302,1.2.840.113619.2.110.512719.20250407113211,26,hip,0,0.999994158744812,1,1,,,,,,,,,,,,,0.0497734509408474,0,0,0.0389750711619854,0,0,0.013325147330760956,0,0
1.2.643.5.1.13.13.12.2.77.8252.14131410040814100713070401091213,2.25.10245777060263212829333021434108890537,27,spine,2,1.4397558516066056e-05,0,0,0.1677633374929428,0,0,0.014615669846534729,0,0,0.037750277668237686,0,0,0.10429472476243973,0,0,,,,,,,,,
1.2.643.5.1.13.13.12.2.77.8252.07000215121313030213041009101409,2.25.10245777060263212829333021434108890537,27,hip,2,0.999990701675415,1,1,,,,,,,,,,,,,0.18550412356853485,0,0,0.1678997427225113,0,0,0.013636835850775242,0,0
1.2.643.5.1.13.13.12.2.77.8252.03081500040505121009070211080902,2.25.10245777060263212829333021434108890537,27,hip,2,0.9999791383743286,1,1,,,,,,,,,,,,,0.361390084028244,1,0,0.3353508412837982,1,0,0.023153411224484444,0,0
1.2.643.5.1.13.13.12.2.77.8252.10030113050111051002020402141304,2.25.102755089973625799055786462646268820450,28,spine,2,3.7931622500764206e-05,0,0,0.13061773777008057,0,1,0.020410306751728058,0,0,0.04569203406572342,0,1,0.07751765847206116,0,0,,,,,,,,,
1.2.643.5.1.13.13.12.2.77.8252.01140903011212140408111315130511,2.25.102755089973625799055786462646268820450,28,hip,2,0.9999914169311523,1,1,,,,,,,,,,,,,0.1527891606092453,0,0,0.12581531703472137,0,0,0.014447852037847042,0,0
1.2.643.5.1.13.13.12.2.77.8252.10100907120107030904131503081506,2.25.102755089973625799055786462646268820450,28,hip,2,0.9999977350234985,1,1,,,,,,,,,,,,,0.02364434115588665,0,1,0.018653521314263344,0,1,0.005040702875703573,0,0
1.2.643.5.1.13.13.12.2.77.8252.11011413051206050400150606100110,2.25.102965897799404973225419898683246248872,63,spine,0,0.0002287133247591555,0,0,0.4151359498500824,1,0,0.07864238321781158,0,0,0.11981948465108871,0,0,0.17203271389007568,0,0,,,,,,,,,
1.2.643.5.1.13.13.12.2.77.8252.10140807011010031112140700150015,2.25.102965897799404973225419898683246248872,63,hip,0,0.9999984502792358,1,1,,,,,,,,,,,,,0.06816437095403671,0,0,0.04153996706008911,0,0,0.011158031411468983,0,0
1.2.643.5.1.13.13.12.2.77.8252.06050309100102041203101101110913,2.25.102965897799404973225419898683246248872,63,hip,0,0.9998794794082642,1,1,,,,,,,,,,,,,0.11124119907617569,0,0,0.10248421877622604,0,0,0.025516605004668236,0,0
1.2.643.5.1.13.13.12.2.77.8252.08120904010605130814050710080508,2.25.103868781101960771917584077315578649178,64,spine,2,7.600781941619061e-07,0,0,0.028114058077335358,0,0,0.0022170129232108593,0,0,0.007176882121711969,0,0,0.03149937838315964,0,0,,,,,,,,,
1.2.643.5.1.13.13.12.2.77.8252.15031208100010080909150509041308,2.25.103868781101960771917584077315578649178,64,hip,2,0.9999978542327881,1,1,,,,,,,,,,,,,0.08525123447179794,0,0,0.08035746961832047,0,0,0.005641908384859562,0,0
1.2.643.5.1.13.13.12.2.77.8252.12051209130410130502141403101414,2.25.103868781101960771917584077315578649178,64,hip,2,0.9999257326126099,1,1,,,,,,,,,,,,,0.15765489637851715,0,0,0.13420753180980682,0,0,0.024145424365997314,0,0
1.2.643.5.1.13.13.12.2.77.8252.00071307071102020311080215100104,2.25.105033841136787477881326326053319223817,65,spine,2,9.516251338936854e-06,0,0,0.10970578342676163,0,0,0.010986941866576672,0,0,0.02909075655043125,0,0,0.08834722638130188,0,0,,,,,,,,,
1.2.643.5.1.13.13.12.2.77.8252.11131406091213131205130612021414,2.25.105033841136787477881326326053319223817,65,hip,2,0.9999929666519165,1,1,,,,,,,,,,,,,0.055720288306474686,0,0,0.044431429356336594,0,0,0.008251599036157131,0,0
1.2.643.5.1.13.13.12.2.77.8252.11120508121303130402081303070008,2.25.105033841136787477881326326053319223817,65,hip,2,0.9999929666519165,1,1,,,,,,,,,,,,,0.07107366621494293,0,0,0.05098814517259598,0,0,0.012100386433303356,0,0
1.2.643.5.1.13.13.12.2.77.8252.14031513011512070711151413071213,2.25.108537195937431169718850276671337677972,29,spine,2,1.5088500731508248e-05,0,0,0.12389466166496277,0,0,0.012100386433303356,0,0,0.03494669869542122,0,0,0.08035746961832047,0,0,,,,,,,,,
1.2.643.5.1.13.13.12.2.77.8252.13030903151515081500090603041412,2.25.11175860580562939441493697221497597640,66,spine,4,0.00024441309506073594,0,0,0.5245773792266846,1,1,0.07668380439281464,0,0,0.12231338024139404,1,0,0.2812081575393677,1,1,,,,,,,,,
1.2.643.5.1.13.13.12.2.77.8252.12051512011202090502051206130907,2.25.11175860580562939441493697221497597640,66,hip,4,0.9999960660934448,1,1,,,,,,,,,,,,,0.015130727551877499,0,0,0.016979992389678955,0,0,0.010448625311255455,0,0
1.2.643.5.1.13.13.12.2.77.8252.07121414121104070401050315140813,2.25.11175860580562939441493697221497597640,66,hip,4,0.9810945987701416,0,1,,,,,,,,,,,,,0.4384245276451111,1,,0.40910276770591736,1,,0.1283065378665924,1,
1.2.643.5.1.13.13.12.2.77.8252.15090515141309140806011408041204,2.25.112621744005021908434051268014787122937,30,spine,1,2.3503650936618214e-06,0,0,0.09929540008306503,0,0,0.008950711227953434,0,0,0.01930808648467064,0,0,0.0676698088645935,0,0,,,,,,,,,
1.2.643.5.1.13.13.12.2.77.8252.10001500010311100907131007040004,2.25.114887542067602662452692698814728642117,31,spine,0,4.013747002318269e-06,0,0,0.1250653713941574,0,1,0.013955709524452686,0,0,0.02186455763876438,0,0,0.06418264657258987,0,1,,,,,,,,,
1.2.643.5.1.13.13.12.2.77.8252.03150400010605060115070904121304,2.25.114887542067602662452692698814728642117,31,hip,0,0.9999938011169434,1,1,,,,,,,,,,,,,0.15380319952964783,0,1,0.11676400154829025,0,1,0.019870713353157043,0,0
1.2.643.5.1.13.13.12.2.77.8252.15050814070214050107040604101305,2.25.114887542067602662452692698814728642117,31,hip,0,0.9999997615814209,1,1,,,,,,,,,,,,,0.006877107545733452,0,1,0.006026951130479574,0,1,0.0032986511941999197,0,0
1.2.643.5.1.13.13.12.2.77.8252.05150512091506110304120408070606,2.25.116822802042655971810859435524105064465,67,spine,3,1.6442494597868063e-05,0,0,0.22884514927864075,0,0,0.027376487851142883,0,0,0.057705316692590714,0,0,0.11066322773694992,0,0,,,,,,,,,
1.2.643.5.1.13.13.12.2.77.8252.01010713081306120510130101121412,2.25.116822802042655971810859435524105064465,67,hip,3,0.9999814033508301,1,1,,,,,,,,,,,,,0.07906799018383026,0,0,0.06681232154369354,0,0,0.0140095679089427,0,0
1.2.643.5.1.13.13.12.2.77.8252.13011301091003020814061203020304,2.25.116822802042655971810859435524105064465,67,hip,3,0.9999948740005493,1,1,,,,,,,,,,,,,0.03468417376279831,0,0,0.027954399585723877,0,0,0.006413164082914591,0,0
1.2.643.5.1.13.13.12.2.77.8252.09071502150602001009041214040315,2.25.122446767306607067205618235949445789306,32,spine,3,0.00019794097170233727,0,0,0.6623597741127014,1,0,0.12378869205713272,1,0,0.20497773587703705,0,0,0.4137139916419983,1,0,,,,,,,,,
1.2.643.5.1.13.13.12.2.77.8252.11100905091110000105111305090709,2.25.122446767306607067205618235949445789306,32,hip,3,0.9999912977218628,1,1,,,,,,,,,,,,,0.09636510908603668,0,1,0.06108710914850235,0,1,0.012673736549913883,0,0
1.2.643.5.1.13.13.12.2.77.8252.02101009080308000015051512140806,2.25.122446767306607067205618235949445789306,32,hip,3,0.9998984336853027,1,1,,,,,,,,,,,,,0.5498219132423401,1,1,0.2925952970981598,1,1,0.12754392623901367,1,0
1.2.643.5.1.13.13.12.2.77.8252.12031311070507060813050800031313,2.25.123175695355749859846173904788591707879,68,spine,4,1.1389440260245465e-05,0,0,0.12776140868663788,0,0,0.018546566367149353,0,0,0.037467505782842636,0,0,0.05490385368466377,0,0,,,,,,,,,
1.2.643.5.1.13.13.12.2.77.8252.04131510070001011107040403071102,2.25.124890633326693921702195356152595253940,33,spine,0,3.8831109122838825e-05,0,0,0.1630452573299408,0,0,0.031618766486644745,0,0,0.0487670972943306,0,0,0.0753123015165329,0,0,,,,,,,,,
1.2.643.5.1.13.13.12.2.77.8252.10081312010805021201100507060411,2.25.124890633326693921702195356152595253940,33,hip,0,0.9999997615814209,1,1,,,,,,,,,,,,,0.010052368976175785,0,0,0.007460643537342548,0,0,0.003809630172327161,0,0
1.2.643.5.1.13.13.12.2.77.8252.08050506060410091114110412130504,2.25.124890633326693921702195356152595253940,33,hip,0,0.9999983310699463,1,1,,,,,,,,,,,,,0.01384861022233963,0,0,0.010328153148293495,0,0,0.00877910852432251,0,0
1.2.643.5.1.13.13.12.2.77.8252.06141210040207130507130606070312,2.25.125521310320333648427417313254965624364,34,spine,3,0.005609131883829832,0,0,0.2632204294204712,0,1,0.052327629178762436,0,1,0.11516222357749939,0,0,0.12442563474178314,0,0,,,,,,,,,
1.2.643.5.1.13.13.12.2.77.8252.10031005061115110908060312000307,2.25.126293418391331346694592071563510265596,69,spine,1,0.0031850605737417936,0,0,0.46113812923431396,1,0,0.12721826136112213,1,0,0.1937568634748459,1,0,0.3070462644100189,1,0,,,,,,,,,
1.2.643.5.1.13.13.12.2.77.8252.11151304101402090112060913070605,2.25.126293418391331346694592071563510265596,69,hip,1,0.9975417852401733,1,1,,,,,,,,,,,,,0.834811270236969,1,1,0.5946100950241089,1,1,0.2613309323787689,1,1
1.2.643.5.1.13.13.12.2.77.8252.08121504041301080101130415050611,2.25.126293418391331346694592071563510265596,69,hip,1,0.9999983310699463,1,1,,,,,,,,,,,,,0.03179866820573807,0,0,0.02779562398791313,0,0,0.007374365348368883,0,0
1.2.643.5.1.13.13.12.2.77.8252.14080500031007021314121106040303,2.25.127126130998341190348103034690069487890,35,spine,3,8.646523497191083e-07,0,0,0.05510689690709114,0,1,0.005405900068581104,0,0,0.01764446496963501,0,1,0.031143832951784134,0,0,,,,,,,,,
1.2.643.5.1.13.13.12.2.77.8252.03120008051300001208141011101302,2.25.127126130998341190348103034690069487890,35,hip,3,0.9998655319213867,1,1,,,,,,,,,,,,,0.17203271389007568,0,1,0.19837458431720734,1,1,0.01897803694009781,0,0
1.2.643.5.1.13.13.12.2.77.8252.03020502031409151006020306090105,2.25.127126130998341190348103034690069487890,35,hip,3,0.9976494908332825,1,1,,,,,,,,,,,,,0.6721165180206299,1,1,0.4063318073749542,1,1,0.2871677279472351,1,1
1.2.643.5.1.13.13.12.2.77.8252.07111115111305011108141412010801,2.25.12798473087614376830819854616447908612,70,spine,4,5.727003099309513e-06,0,0,0.13273923099040985,0,0,0.014785407111048698,0,0,0.025083139538764954,0,0,0.05223086103796959,0,0,,,,,,,,,
1.2.643.5.1.13.13.12.2.77.8252.02011409120209130807021302101100,2.25.12798473087614376830819854616447908612,70,hip,4,0.9707987308502197,0,1,,,,,,,,,,,,,0.49297764897346497,1,,0.4205995798110962,1,,0.2351083904504776,1,
1.2.643.5.1.13.13.12.2.77.8252.07050602130910101513020700010509,2.25.12798473087614376830819854616447908612,70,hip,4,0.9621431827545166,0,1,,,,,,,,,,,,,0.4615021347999573,1,,0.38711094856262207,1,,0.2458084672689438,1,
1.2.643.5.1.13.13.12.2.77.8252.02030508140000071310150302011113,2.25.128197189461989832465575162384360009377,71,spine,0,1.0451546586409677e-05,0,0,0.3610520660877228,0,0,0.028274601325392723,0,0,0.06816437095403671,0,0,0.1718936413526535,0,0,,,,,,,,,
1.2.643.5.1.13.13.12.2.77.8252.09070705131210061514041509120513,2.25.128630285053087246379265602913470285158,36,spine,2,6.061318708816543e-05,0,0,0.30033499002456665,0,0,0.03403615206480026,0,0,0.07107366621494293,0,0,0.16224725544452667,0,0,,,,,,,,,
1.2.643.5.1.13.13.12.2.77.8252.04071014120313000711051010091409,2.25.128990540359421489042453547244535073735,72,spine,2,8.939696272136644e-06,0,0,0.06477169692516327,0,1,0.007149102166295052,0,1,0.01833445206284523,0,0,0.07316472381353378,0,0,,,,,,,,,
1.2.643.5.1.13.13.12.2.77.8252.09060004140611120111091509030603,2.25.128990540359421489042453547244535073735,72,hip,2,0.9997958540916443,1,1,,,,,,,,,,,,,0.12929275631904602,0,1,0.10743747651576996,0,1,0.0361519381403923,0,0
1.2.643.5.1.13.13.12.2.77.8252.12120911020011140507050515090906,2.25.128990540359421489042453547244535073735,72,hip,2,0.9998595714569092,1,1,,,,,,,,,,,,,0.2024431973695755,0,1,0.16026602685451508,0,1,0.03494669869542122,0,0
1.2.643.5.1.13.13.12.2.77.8252.00131503020212110600101502020700,2.25.129239680100193368599713239115902740628,73,hip,2,0.999869704246521,1,1,,,,,,,,,,,,,0.7568970322608948,1,1,0.7895584106445312,1,1,0.03690806403756142,0,0
1.2.643.5.1.13.13.12.2.77.8252.05100110120015150515030506140402,2.25.13069823278093578548407087310307113784,74,spine,0,3.334418579470366e-05,0,0,0.20212802290916443,0,0,0.027376487851142883,0,0,0.04092230275273323,0,0,0.09670579433441162,0,0,,,,,,,,,
1.2.643.5.1.13.13.12.2.77.8252.12051101030200021506031210090702,2.25.13069823278093578548407087310307113784,74,hip,0,0.99991774559021,1,1,,,,,,,,,,,,,0.5924897789955139,1,1,0.4378836154937744,1,0,0.08064661175012589,0,1
1.2.643.5.1.13.13.12.2.77.8252.06081211090913150712130913130401,2.25.13069823278093578548407087310307113784,74,hip,0,0.9983547329902649,1,1,,,,,,,,,,,,,0.7292305827140808,1,1,0.6159545183181763,1,0,0.17809657752513885,1,1
1.2.643.5.1.13.13.12.2.77.8252.15080409060108110106110204020115,2.25.132083163398091874662674590622589534350,75,spine,1,9.934061381500214e-06,0,0,0.24148941040039062,0,0,0.02784845046699047,0,0,0.04913078621029854,0,0,0.12064587324857712,0,0,,,,,,,,,
1.2.643.5.1.13.13.12.2.77.8252.13151303131009131214000609090104,2.25.132083163398091874662674590622589534350,75,hip,1,0.999958872795105,1,1,,,,,,,,,,,,,0.5573936104774475,1,0,0.5176318287849426,1,0,0.044597577303647995,0,0
1.2.643.5.1.13.13.12.2.77.8252.06120903051105150112061201080014,2.25.132083163398091874662674590622589534350,75,hip,1,0.9998670816421509,1,1,,,,,,,,,,,,,0.5951984524726868,1,0,0.5407117009162903,1,0,0.060640547424554825,0,0
1.2.643.5.1.13.13.12.2.77.8252.07151108041411120004040810151209,2.25.132272637351979990811754009849547633391,37,spine,2,0.0001110444645746611,0,0,0.4662987291812897,1,0,0.06278920918703079,0,0,0.11456649005413055,0,0,0.2649284899234772,1,0,,,,,,,,,
1.2.643.5.1.13.13.12.2.77.8252.05020106091400040809110708040301,2.25.132272637351979990811754009849547633391,37,hip,2,0.9999887943267822,1,1,,,,,,,,,,,,,0.05877655744552612,0,0,0.04716186597943306,0,0,0.012194132432341576,0,0
1.2.643.5.1.13.13.12.2.77.8252.15140601101305061400021505010802,2.25.132272637351979990811754009849547633391,37,hip,2,0.9999738931655884,1,1,,,,,,,,,,,,,0.06632687151432037,0,0,0.048405956476926804,0,0,0.01590639166533947,0,0
1.2.643.5.1.13.13.12.2.77.8252.14070208080209001506081402060503,2.25.13325817932854000792938662637654885530,76,spine,2,1.4567271136911586e-05,0,0,0.3670433759689331,0,0,0.02843603305518627,0,0,0.07211220264434814,0,0,0.18315489590168,0,0,,,,,,,,,
1.2.643.5.1.13.13.12.2.77.8252.07031408150101110505001201030207,2.25.13325817932854000792938662637654885530,76,hip,2,0.9999982118606567,1,1,,,,,,,,,,,,,0.13695430755615234,0,0,0.10393037647008896,0,0,0.007260866463184357,0,0
1.2.643.5.1.13.13.12.2.77.8252.13150808100913111314080101030008,2.25.13325817932854000792938662637654885530,76,hip,2,0.999996542930603,1,1,,,,,,,,,,,,,0.3845653831958771,1,1,0.3538746237754822,1,0,0.013636835850775242,0,1
1.2.643.5.1.13.13.12.2.77.8252.13090607110001000310151006050113,2.25.134456506307367483341018281460841912845,77,spine,0,1.0825516255863477e-05,0,0,0.028870904818177223,0,0,0.01065251138061285,0,0,0.011823395267128944,0,0,0.021450728178024292,0,0,,,,,,,,,
1.2.643.5.1.13.13.12.2.77.8252.04040803080402061202041005000304,2.25.134456506307367483341018281460841912845,77,hip,0,0.9999992847442627,1,1,,,,,,,,,,,,,0.019870713353157043,0,0,0.016914913430809975,0,0,0.005179712548851967,0,0
1.2.643.5.1.13.13.12.2.77.8252.14121200111500000012151207021305,2.25.134456506307367483341018281460841912845,77,hip,0,0.9999996423721313,1,1,,,,,,,,,,,,,0.006338921841233969,0,0,0.005080036818981171,0,0,0.0039454069919884205,0,0
1.2.643.5.1.13.13.12.2.77.8252.12060607091105150404131215110908,2.25.135241889065705954191821710363605596815,78,spine,1,5.073846295999829e-06,0,0,0.11456649005413055,0,0,0.013273886404931545,0,0,0.022586042061448097,0,0,0.07107366621494293,0,0,,,,,,,,,
1.2.643.5.1.13.13.12.2.77.8252.04060811050000140014040410080212,2.25.135241889065705954191821710363605596815,78,hip,1,0.9999613761901855,1,1,,,,,,,,,,,,,0.10521054267883301,0,0,0.10105590522289276,0,0,0.030675802379846573,0,0
1.2.643.5.1.13.13.12.2.77.8252.09030712140506070904071003000708,2.25.13566237352084812982996047541944701548,49,spine,0,2.1400323930720333e-06,0,0,0.07949569821357727,0,0,0.008251599036157131,0,0,0.018725162371993065,0,0,0.0511774942278862,0,0,,,,,,,,,
1.2.643.5.1.13.13.12.2.77.8252.02050314081501100100131400110412,2.25.137344827330550141320158285144101816664,79,spine,2,6.841542926849797e-05,0,0,0.20354916155338287,0,0,0.030386749655008316,0,0,0.0684129148721695,0,0,0.11124119907617569,0,0,,,,,,,,,
1.2.643.5.1.13.13.12.2.77.8252.14140312010015010504081306061203,2.25.137344827330550141320158285144101816664,79,hip,2,0.9999867677688599,1,1,,,,,,,,,,,,,0.11299101263284683,0,0,0.09687653183937073,0,0,0.013121271505951881,0,0
1.2.643.5.1.13.13.12.2.77.8252.03131510081105080011060404010511,2.25.137344827330550141320158285144101816664,79,hip,2,0.9999890327453613,1,1,,,,,,,,,,,,,0.1749734729528427,0,0,0.14366759359836578,0,0,0.015543648041784763,0,0
1.2.643.5.1.13.13.12.2.77.8252.05060902130204131205041207051405,2.25.137675513852774974135210999345676405116,38,spine,3,9.647852130001411e-05,0,0,0.43893545866012573,1,0,0.06866228580474854,0,0,0.13341520726680756,0,0,0.23353151977062225,1,0,,,,,,,,,
1.2.643.5.1.13.13.12.2.77.8252.07080813110202150000000512100700,2.25.13983650679559142983913935144968795415,39,spine,1,1.4229824046196882e-05,0,0,0.1994638890028,0,0,0.032040078192949295,0,0,0.0501442477107048,0,0,0.11240508407354355,0,0,,,,,,,,,
1.2.643.5.1.13.13.12.2.77.8252.04081012050615111107130109120010,2.25.13983650679559142983913935144968795415,39,hip,1,0.9999923706054688,1,1,,,,,,,,,,,,,0.03494669869542122,0,0,0.03228325769305229,0,0,0.012722708284854889,0,0
1.2.643.5.1.13.13.12.2.77.8252.02081511091502140105000012140914,2.25.13983650679559142983913935144968795415,39,hip,1,0.9999983310699463,1,1,,,,,,,,,,,,,0.05602938309311867,0,0,0.05717659741640091,0,0,0.008610767312347889,0,0
1.2.643.5.1.13.13.12.2.77.8252.03150209000513130305020013101408,2.25.144941557565802351596730914409170713112,80,spine,0,1.4064044080441818e-05,0,0,0.2333567589521408,0,0,0.02178117074072361,0,0,0.04646466672420502,0,0,0.13409411907196045,0,0,,,,,,,,,
1.2.643.5.1.13.13.12.2.77.8252.14070202101304120203120502100808,2.25.144941557565802351596730914409170713112,80,hip,0,0.9998745918273926,1,1,,,,,,,,,,,,,0.3911733627319336,1,1,0.35119980573654175,1,1,0.03120281919836998,0,0
1.2.643.5.1.13.13.12.2.77.8252.08060612000510000609001512070103,2.25.144941557565802351596730914409170713112,80,hip,0,0.9998511075973511,1,1,,,,,,,,,,,,,0.3664763569831848,1,0,0.318909227848053,1,0,0.036700353026390076,0,0
1.2.643.5.1.13.13.12.2.77.8252.07040802010906150312000007110303,2.25.145848300160680194368420189079847088556,40,spine,3,3.654559804999735e-06,0,0,0.06693419814109802,0,0,0.007232763804495335,0,0,0.019756916910409927,0,0,0.04552200436592102,0,0,,,,,,,,,
1.2.643.5.1.13.13.12.2.77.8252.09091111090903031309150614110215,2.25.145848300160680194368420189079847088556,40,hip,3,0.9999569654464722,1,1,,,,,,,,,,,,,0.08647765219211578,0,1,0.08772001415491104,0,1,0.012431650422513485,0,0
1.2.643.5.1.13.13.12.2.77.8252.06130104100900080002100912090901,2.25.145848300160680194368420189079847088556,40,hip,3,0.9999016523361206,1,1,,,,,,,,,,,,,0.09704755246639252,0,0,0.09585607796907425,0,0,0.014281935058534145,0,0
1.2.643.5.1.13.13.12.2.77.8252.07051313070907070603030815070904,2.25.151186844055172005615813066162721550889,41,spine,3,5.27596512256423e-06,0,0,0.018475592136383057,0,0,0.0028560124337673187,0,0,0.00877910852432251,0,0,0.01214717049151659,0,0,,,,,,,,,
1.2.643.5.1.13.13.12.2.77.8252.07071507091013150605060411110414,2.25.151186844055172005615813066162721550889,41,hip,3,0.9999580383300781,1,1,,,,,,,,,,,,,0.15040279924869537,0,0,0.1368389129638672,0,0,0.020061802119016647,0,0
1.2.643.5.1.13.13.12.2.77.8252.06120514140811101106020900110711,2.25.151186844055172005615813066162721550889,41,hip,3,0.9999771118164062,1,1,,,,,,,,,,,,,0.031439851969480515,0,0,0.032405514270067215,0,0,0.009412589482963085,0,0
1.2.643.5.1.13.13.12.2.77.8252.10070914150303091307080902000612,2.25.156021661584944120526934974594604520993,81,spine,4,0.00019949312263634056,0,0,0.4519311189651489,1,0,0.057705316692590714,0,0,0.1388116478919983,1,0,0.22017472982406616,1,0,,,,,,,,,
1.2.643.5.1.13.13.12.2.77.8252.11001008080504080903151311021305,2.25.156021661584944120526934974594604520993,81,hip,4,0.999984860420227,1,1,,,,,,,,,,,,,0.13206614553928375,0,0,0.11992251873016357,0,0,0.030386749655008316,0,0
1.2.643.5.1.13.13.12.2.77.8252.05041404051513101304111210060012,2.25.156021661584944120526934974594604520993,81,hip,4,0.9999876022338867,1,1,,,,,,,,,,,,,0.19899649918079376,0,0,0.1751144677400589,0,0,0.02600678615272045,0,0
1.2.643.5.1.13.13.12.2.77.8252.01081107130715100908030700130001,2.25.156375884487675936513403083218009333856,82,spine,2,1.922317096614279e-05,0,0,0.16871994733810425,0,1,0.015189048834145069,0,0,0.040692951530218124,0,0,0.1256006509065628,0,1,,,,,,,,,
1.2.643.5.1.13.13.12.2.77.8252.00010208150107110206110212130810,2.25.156375884487675936513403083218009333856,82,hip,2,0.9999604225158691,1,1,,,,,,,,,,,,,0.06866228580474854,0,0,0.060086652636528015,0,0,0.017045317217707634,0,0
1.2.643.5.1.13.13.12.2.77.8252.04001402031200081204010009090110,2.25.156375884487675936513403083218009333856,82,hip,2,0.9999481439590454,1,1,,,,,,,,,,,,,0.19559408724308014,0,0,0.17217184603214264,0,0,0.02517884224653244,0,0
1.2.643.5.1.13.13.12.2.77.8252.12071112070710000412111310090807,2.25.156389075510671877606923458507011517218,83,spine,3,6.733920372425928e-07,0,0,0.01750955730676651,0,0,0.0017891592578962445,0,0,0.006217078305780888,0,0,0.013955709524452686,0,0,,,,,,,,,
1.2.643.5.1.13.13.12.2.77.8252.05051100060005040907000403081502,2.25.156389075510671877606923458507011517218,83,hip,3,0.999984860420227,1,1,,,,,,,,,,,,,0.037256766110658646,0,0,0.036288294941186905,0,0,0.007695646956562996,0,0
1.2.643.5.1.13.13.12.2.77.8252.12101514000107101207120412120213,2.25.156389075510671877606923458507011517218,83,hip,3,0.9999771118164062,1,1,,,,,,,,,,,,,0.08850465714931488,0,0,0.08694165199995041,0,0,0.010860331356525421,0,0
1.2.643.5.1.13.13.12.2.77.8252.15011410150513090204040606151204,2.25.157462338378550185821790046400986801350,84,spine,3,2.2474090656032786e-05,0,0,0.25219982862472534,0,0,0.020645929500460625,0,0,0.05823862552642822,0,0,0.13963085412979126,0,0,,,,,,,,,
1.2.643.5.1.13.13.12.2.77.8252.04150901080711131310091006050208,2.25.157462338378550185821790046400986801350,84,hip,3,0.999971866607666,1,1,,,,,,,,,,,,,0.37330445647239685,1,1,0.25478699803352356,1,1,0.03271312639117241,0,0
1.2.643.5.1.13.13.12.2.77.8252.14100604010411121207140303140506,2.25.157462338378550185821790046400986801350,84,hip,3,0.9999774694442749,1,1,,,,,,,,,,,,,0.32380759716033936,1,1,0.21601155400276184,1,1,0.02489279955625534,0,0
1.2.643.5.1.13.13.12.2.77.8252.09040703010601060814101313081104,2.25.158197739569377798130962967413133224194,42,spine,0,9.895332368614618e-06,0,0,0.18403315544128418,0,0,0.021287351846694946,0,0,0.035813190042972565,0,0,0.08632347732782364,0,0,,,,,,,,,
1.2.643.5.1.13.13.12.2.77.8252.01120709131111081211081313110800,2.25.158646777318759504110695916200521633609,85,spine,0,0.00010975090117426589,0,0,0.2317880541086197,0,1,0.038901980966329575,0,0,0.0586685985326767,0,0,0.10052486509084702,0,1,,,,,,,,,
1.2.643.5.1.13.13.12.2.77.8252.13040700151412120600060201031309,2.25.158646777318759504110695916200521633609,85,hip,0,0.9999849796295166,1,1,,,,,,,,,,,,,0.14128141105175018,0,0,0.11299101263284683,0,0,0.021409768611192703,0,0
1.2.643.5.1.13.13.12.2.77.8252.04030712110411040711120105080700,2.25.158646777318759504110695916200521633609,85,hip,0,0.9999986886978149,1,1,,,,,,,,,,,,,0.019568676128983498,0,0,0.01590639166533947,0,0,0.0065388246439397335,0,0
1.2.643.5.1.13.13.12.2.77.8252.03050413050004110015050414021412,2.25.159930383074323525630608416881201447861,86,spine,3,1.6964428141363896e-05,0,0,0.2423849254846573,0,0,0.02595735713839531,0,0,0.060418423265218735,0,0,0.10539454221725464,0,0,,,,,,,,,
1.2.643.5.1.13.13.12.2.77.8252.02030112081401101404040904010405,2.25.164566280810634620154538016595892212884,43,spine,4,0.0007808886002749205,0,0,0.3836990296840668,1,1,0.09859886765480042,0,1,0.1524103283882141,1,0,0.2024431973695755,1,0,,,,,,,,,
1.2.643.5.1.13.13.12.2.77.8252.00071210060602011311010906021407,2.25.164566280810634620154538016595892212884,43,hip,4,0.9999904632568359,1,1,,,,,,,,,,,,,0.2109287977218628,0,0,0.2163424789905548,1,0,0.01930808648467064,0,0
1.2.643.5.1.13.13.12.2.77.8252.05080909100510090906081209130901,2.25.164566280810634620154538016595892212884,43,hip,4,0.9999830722808838,1,1,,,,,,,,,,,,,0.4643549919128418,1,1,0.4384846091270447,1,1,0.02409944497048855,0,0
1.2.643.5.1.13.13.12.2.77.8252.01120104060301100213100004141203,2.25.165091430504580219034019815337441064349,44,spine,1,1.8342892872169614e-05,0,0,0.17752550542354584,0,0,0.02600678615272045,0,0,0.04360952600836754,0,0,0.09089674800634384,0,0,,,,,,,,,
1.2.643.5.1.13.13.12.2.77.8252.02080910050503150405130310031107,2.25.165091430504580219034019815337441064349,44,hip,1,0.9998775720596313,1,1,,,,,,,,,,,,,0.08254930377006531,0,1,0.08122775703668594,0,1,0.046378202736377716,0,0
1.2.643.5.1.13.13.12.2.77.8252.14100208080000030010140812001111,2.25.165091430504580219034019815337441064349,44,hip,1,0.9999853372573853,1,1,,,,,,,,,,,,,0.1617170125246048,0,0,0.12819735705852509,0,0,0.026759283617138863,0,0
1.2.643.5.1.13.13.12.2.77.8252.05130006080703150808130311150104,2.25.165355673991587715046346525964554729786,87,spine,2,3.748972449102439e-05,0,0,0.07906799018383026,0,1,0.009708477184176445,0,0,0.02373468689620495,0,0,0.08093670755624771,0,1,,,,,,,,,
1.2.643.5.1.13.13.12.2.77.8252.03030806061309020808141008071213,2.25.165355673991587715046346525964554729786,87,hip,2,0.9999977350234985,1,1,,,,,,,,,,,,,0.1127954050898552,0,0,0.10466019809246063,0,0,0.00712142838165164,0,0
1.2.643.5.1.13.13.12.2.77.8252.06020510071406141308051102110806,2.25.167344201679287285499405412654740659745,45,spine,1,1.609084392839577e-06,0,0,0.0768222063779831,0,0,0.008813166059553623,0,0,0.016466174274683,0,0,0.049497053027153015,0,0,,,,,,,,,
1.2.643.5.1.13.13.12.2.77.8252.03020203090713120707041512070302,2.25.167344201679287285499405412654740659745,45,hip,1,0.999996542930603,1,1,,,,,,,,,,,,,0.0501442477107048,0,0,0.04795810207724571,0,0,0.010328153148293495,0,0
1.2.643.5.1.13.13.12.2.77.8252.05050004021105041108010100020012,2.25.167344201679287285499405412654740659745,45,hip,1,0.9999957084655762,1,1,,,,,,,,,,,,,0.03697755187749863,0,0,0.034749627113342285,0,0,0.010986941866576672,0,0
1.2.643.5.1.13.13.12.2.77.8252.03120113151010021310000801051000,2.25.16773626720107440979805052259711419763,88,spine,0,0.00042305802344344556,0,0,0.3418021500110626,0,0,0.08694165199995041,0,0,0.11858908832073212,0,0,0.13546064496040344,0,0,,,,,,,,,
1.2.643.5.1.13.13.12.2.77.8252.07111109140703130315001513000701,2.25.16773626720107440979805052259711419763,88,hip,0,0.999997615814209,1,1,,,,,,,,,,,,,0.017309095710515976,0,0,0.013325147330760956,0,0,0.009161027148365974,0,0
1.2.643.5.1.13.13.12.2.77.8252.13060012130706071508131506061110,2.25.16773626720107440979805052259711419763,88,hip,0,0.9999977350234985,1,1,,,,,,,,,,,,,0.02203226462006569,0,0,0.01609087362885475,0,0,0.009125636890530586,0,0
1.2.643.5.1.13.13.12.2.77.8252.14030405080503070005090010011210,2.25.168317503020329569414190677927680518621,89,spine,3,0.000124362253700383,0,0,0.1261378973722458,0,0,0.014447852037847042,0,0,0.036700353026390076,0,0,0.08803311735391617,0,0,,,,,,,,,
1.2.643.5.1.13.13.12.2.77.8252.14040413080712030012001414011512,2.25.168317503020329569414190677927680518621,89,hip,3,0.9999901056289673,1,1,,,,,,,,,,,,,0.021948253735899925,0,0,0.021739594638347626,0,0,0.005980330519378185,0,0
1.2.643.5.1.13.13.12.2.77.8252.06080402070700011103140402140007,2.25.168317503020329569414190677927680518621,89,hip,3,0.9999798536300659,1,1,,,,,,,,,,,,,0.04001227021217346,0,0,0.036700353026390076,0,0,0.01057048887014389,0,0
1.2.643.5.1.13.13.12.2.77.8252.03020907090204060013031106111312,2.25.169242707068684757906797344800977707240,90,spine,1,0.000337979436153546,0,0,0.38231441378593445,0,0,0.06717857718467712,0,0,0.11240508407354355,0,0,0.23196201026439667,1,0,,,,,,,,,
1.2.643.5.1.13.13.12.2.77.8252.08131412000401011215150704040610,2.25.172445998420765569384934552191547932566,91,spine,0,2.818866414600052e-05,0,0,0.4855920076370239,1,1,0.036700353026390076,0,0,0.08913693577051163,0,0,0.23318208754062653,0,1,,,,,,,,,
1.2.643.5.1.13.13.12.2.77.8252.15151313120000020410110702050700,2.25.172445998420765569384934552191547932566,91,hip,0,0.9999995231628418,1,1,,,,,,,,,,,,,0.015543648041784763,0,0,0.013480102643370628,0,0,0.004133968148380518,0,0
1.2.643.5.1.13.13.12.2.77.8252.05030907080814020708000711150507,2.25.172445998420765569384934552191547932566,91,hip,0,0.9999563694000244,1,1,,,,,,,,,,,,,0.16079244017601013,0,0,0.14045409858226776,0,0,0.02742854133248329,0,0
1.2.643.5.1.13.13.12.2.77.8252.01091510011014070612050311031410,2.25.173731186748227489808861376513577450951,92,spine,4,2.6633117613528157e-06,0,0,0.0384661927819252,0,0,0.007204769179224968,0,0,0.015014749020338058,0,0,0.018264278769493103,0,0,,,,,,,,,
1.2.643.5.1.13.13.12.2.77.8252.04070212140009090002060410031413,2.25.173731186748227489808861376513577450951,92,hip,4,0.9999960660934448,1,1,,,,,,,,,,,,,0.09518112242221832,0,0,0.09252364933490753,0,0,0.015543648041784763,0,0
1.2.643.5.1.13.13.12.2.77.8252.15000310101315070007100105150401,2.25.173753313169335820519632380691065649420,46,spine,4,4.8514772061025724e-05,0,0,0.31615808606147766,1,1,0.04401864856481552,0,0,0.08210662752389908,0,1,0.13017480075359344,0,0,,,,,,,,,
1.2.643.5.1.13.13.12.2.77.8252.05130004120107120511100914090711,2.25.173753313169335820519632380691065649420,46,hip,4,0.9999847412109375,1,1,,,,,,,,,,,,,0.5296739339828491,1,1,0.3415825068950653,1,0,0.08616956323385239,1,1
1.2.643.5.1.13.13.12.2.77.8252.04111300031205120703050100121209,2.25.173753313169335820519632380691065649420,46,hip,4,0.9999899864196777,1,1,,,,,,,,,,,,,0.08725224435329437,0,0,0.07237401604652405,0,0,0.02681019715964794,0,0
1.2.643.5.1.13.13.12.2.77.8252.06070803110509120507010310141201,2.25.175881661753775295785039265792986971602,93,hip,4,0.9999697208404541,1,1,,,,,,,,,,,,,0.4332619309425354,1,0,0.3454363942146301,1,0,0.060197047889232635,0,0
1.2.643.5.1.13.13.12.2.77.8252.14060403060314010506081209070311,2.25.175881661753775295785039265792986971602,93,spine,4,0.00020342697098385543,0,0,0.4602585434913635,1,0,0.06371499598026276,0,0,0.11951085925102234,1,0,0.2573915719985962,1,0,,,,,,,,,
1.2.643.5.1.13.13.12.2.77.8252.10000603030913050503020611051415,2.25.175881661753775295785039265792986971602,93,hip,4,0.9999929666519165,1,1,,,,,,,,,,,,,0.13251455128192902,0,0,0.0979066863656044,0,0,0.03753800690174103,0,0
1.2.643.5.1.13.13.12.2.77.8252.12071204070300150506091512141413,2.25.175903805423871105435148927871625232853,94,spine,1,2.521573378544417e-06,0,0,0.13106197118759155,0,0,0.012624948285520077,0,0,0.02456308901309967,0,0,0.07935289293527603,0,0,,,,,,,,,
1.2.643.5.1.13.13.12.2.77.8252.15100208060002090813060606131404,2.25.175903805423871105435148927871625232853,94,hip,1,0.999995231628418,1,1,,,,,,,,,,,,,0.06916356086730957,0,0,0.06853749603033066,0,0,0.011508148163557053,0,0
1.2.643.5.1.13.13.12.2.77.8252.13151105000600070510031109011109,2.25.175903805423871105435148927871625232853,94,hip,1,0.9999938011169434,1,1,,,,,,,,,,,,,0.057599205523729324,0,0,0.05613277852535248,0,0,0.012527932412922382,0,0
1.2.643.5.1.13.13.12.2.77.8252.03050114141207061001080502130215,2.25.17706555930735581384953296958427669848,47,spine,4,4.434627408045344e-05,0,0,0.19899649918079376,0,1,0.03760863468050957,0,0,0.06804041564464569,0,0,0.08787643909454346,0,1,,,,,,,,,
1.2.643.5.1.13.13.12.2.77.8252.11051514070611150905020505061111,2.25.17706555930735581384953296958427669848,47,hip,4,0.9999959468841553,1,1,,,,,,,,,,,,,0.04401864856481552,0,0,0.04288224130868912,0,0,0.014899643138051033,0,0
1.2.643.5.1.13.13.12.2.77.8252.04041511061006011303010701020104,2.25.17706555930735581384953296958427669848,47,hip,4,0.9999940395355225,1,1,,,,,,,,,,,,,0.034423548728227615,0,0,0.03753800690174103,0,0,0.015483989380300045,0,0
1.2.643.5.1.13.13.12.2.77.8252.10151201011509101414030411060512,2.25.177745077805190810016231350557005569203,48,spine,0,1.1936024748138152e-05,0,0,0.16132023930549622,0,0,0.019794780761003494,0,0,0.03739713504910469,0,0,0.09170696139335632,0,0,,,,,,,,,
1.2.643.5.1.13.13.12.2.77.8252.04150214121314031409051312111410,2.25.177745077805190810016231350557005569203,48,hip,0,0.9999384880065918,1,1,,,,,,,,,,,,,0.5171746611595154,1,0,0.39455080032348633,1,0,0.058453235775232315,0,0
1.2.643.5.1.13.13.12.2.77.8252.01001108050505090405071008120805,2.25.177745077805190810016231350557005569203,48,hip,0,0.9999874830245972,1,1,,,,,,,,,,,,,0.169956237077713,0,0,0.11047114431858063,0,0,0.027742892503738403,0,0
1.2.643.5.1.13.13.12.2.77.8252.14110604050810020100071004090404,2.25.178533355209696795441380751187185128893,95,spine,1,8.156225521815941e-05,0,0,0.45937925577163696,1,0,0.06394841521978378,0,0,0.12168574333190918,0,0,0.2458084672689438,1,0,,,,,,,,,
1.2.643.5.1.13.13.12.2.77.8252.07130015011404020601141211131000,2.25.181196659018348153828200695057897449628,96,spine,2,2.0948185920133255e-05,0,0,0.2828890383243561,0,0,0.021491764113307,0,0,0.05271640419960022,0,0,0.17328819632530212,0,0,,,,,,,,,
1.2.643.5.1.13.13.12.2.77.8252.07070209131108100009081313101204,2.25.181196659018348153828200695057897449628,96,hip,2,0.9999861717224121,1,1,,,,,,,,,,,,,0.06536578387022018,0,0,0.05490385368466377,0,0,0.012821214273571968,0,0
1.2.643.5.1.13.13.12.2.77.8252.11080509070315011108060003120408,2.25.181196659018348153828200695057897449628,96,hip,2,0.9999982118606567,1,1,,,,,,,,,,,,,0.0398624911904335,0,0,0.03825005888938904,0,0,0.004365325905382633,0,0
1.2.643.5.1.13.13.12.2.77.8252.04151306060901060605121400081206,2.25.184198356665635336833172191504278054074,97,spine,3,1.929840618686285e-05,0,0,0.15739570558071136,0,0,0.020606474950909615,0,0,0.050611432641744614,0,0,0.08803311735391617,0,0,,,,,,,,,
1.2.643.5.1.13.13.12.2.77.8252.11141409010404080202090702050104,2.25.184198356665635336833172191504278054074,97,hip,3,0.9999939203262329,1,1,,,,,,,,,,,,,0.03875619173049927,0,0,0.04232459142804146,0,0,0.0038244836032390594,0,0
1.2.643.5.1.13.13.12.2.77.8252.02150805140008141106110606070801,2.25.184198356665635336833172191504278054074,97,hip,3,0.9999939203262329,1,1,,,,,,,,,,,,,0.03547750413417816,0,0,0.04092230275273323,0,0,0.003930085338652134,0,0
1.2.643.5.1.13.13.12.2.77.8252.04100315041404021215101114140602,2.25.186201010600484120326273381077449377115,98,spine,4,5.94408847973682e-05,0,0,0.24707795679569244,0,0,0.03397199511528015,0,0,0.05108273774385452,0,0,0.09670579433441162,0,0,,,,,,,,,
1.2.643.5.1.13.13.12.2.77.8252.01060001050009070514040213010802,2.25.186201010600484120326273381077449377115,98,hip,4,0.999992847442627,1,1,,,,,,,,,,,,,0.07030384987592697,0,0,0.06187598779797554,0,0,0.024191485717892647,0,0
1.2.643.5.1.13.13.12.2.77.8252.13020010101411130307011411150509,2.25.186201010600484120326273381077449377115,98,hip,4,0.9999970197677612,1,1,,,,,,,,,,,,,0.06560483574867249,0,0,0.05449987202882767,0,0,0.016466174274683,0,0
1.2.643.5.1.13.13.12.2.77.8252.11100109131006120600020910050910,2.25.190331309633057244929837507901317950031,99,spine,1,1.3792023310088553e-05,0,0,0.12592275440692902,0,1,0.018440209329128265,0,0,0.030271869152784348,0,1,0.08151976019144058,0,0,,,,,,,,,
1.2.643.5.1.13.13.12.2.77.8252.10061312041507151308110106051414,2.25.190331309633057244929837507901317950031,99,hip,1,0.9999755620956421,1,1,,,,,,,,,,,,,0.12929275631904602,0,1,0.0938439592719078,0,1,0.034293949604034424,0,0
1.2.643.5.1.13.13.12.2.77.8252.11050911061500091304001000100608,2.25.190331309633057244929837507901317950031,99,hip,1,0.9999861717224121,1,1,,,,,,,,,,,,,0.13240233063697815,0,0,0.09964530169963837,0,0,0.03050205484032631,0,0
1.2.643.5.1.13.13.12.2.77.8252.04000404020304020301120408100801,2.25.190807933410234695931591553323782771995,100,spine,1,0.00019335657998453826,0,0,0.5330936312675476,1,1,0.0838903859257698,0,0,0.16000336408615112,0,0,0.30311259627342224,1,1,,,,,,,,,
1.2.643.5.1.13.13.12.2.77.8252.10101410111513000809081215030802,2.25.190807933410234695931591553323782771995,100,hip,1,0.9999942779541016,1,1,,,,,,,,,,,,,0.03796369582414627,0,0,0.04288224130868912,0,0,0.009268013760447502,0,0
1.2.643.5.1.13.13.12.2.77.8252.13140203110104081414101201001405,2.25.215177279960644564778148238928738915103,50,spine,4,8.044863534450997e-06,0,0,0.08479540795087814,0,0,0.01621503196656704,0,0,0.025760557502508163,0,0,0.03308597952127457,0,0,,,,,,,,,
1.2.643.5.1.13.13.12.2.77.8252.02120211101306000510080011031411,2.25.215177279960644564778148238928738915103,50,hip,4,0.9999315738677979,1,1,,,,,,,,,,,,,0.32498475909233093,1,1,0.2934044599533081,1,1,0.024191485717892647,0,0
1.2.643.5.1.13.13.12.2.77.8252.00070615051510041500030210150312,2.25.215177279960644564778148238928738915103,50,hip,4,0.9999775886535645,1,1,,,,,,,,,,,,,0.025371311232447624,0,1,0.026759283617138863,0,1,0.01750955730676651,0,0
1.2.643.5.1.13.13.12.2.77.8252.04131001000110131311121304090609,2.25.217397325224876728316360420804118329081,51,spine,2,9.170197881758213e-05,0,0,0.5392865538597107,1,0,0.0633663460612297,0,0,0.1367236226797104,1,0,0.2914848029613495,1,0,,,,,,,,,
1.2.643.5.1.13.13.12.2.77.8252.10000400041408060608031009090710,2.25.217397325224876728316360420804118329081,51,hip,2,0.9999161958694458,1,1,,,,,,,,,,,,,0.24908174574375153,1,0,0.18742996454238892,0,0,0.04092230275273323,0,0
1.2.643.5.1.13.13.12.2.77.8252.02091115080411030312040600000701,2.25.217397325224876728316360420804118329081,51,hip,2,0.9999966621398926,1,1,,,,,,,,,,,,,0.03149937838315964,0,0,0.024237634614109993,0,0,0.005448067560791969,0,0
1.2.643.5.1.13.13.12.2.77.8252.03010603150012061509030005111300,2.25.220866240977467582196609708837940253840,52,spine,0,6.364021828630939e-06,0,0,0.13409411907196045,0,1,0.01798621006309986,0,0,0.03179866820573807,0,1,0.06536578387022018,0,0,,,,,,,,,
1.2.643.5.1.13.13.12.2.77.8252.10051211011505050506141504040101,2.25.234651502352368356456298825489565282446,53,spine,4,0.00011682840704452246,0,0,0.303628534078598,0,0,0.04922211170196533,0,0,0.1155608743429184,1,0,0.13927926123142242,0,0,,,,,,,,,
1.2.643.5.1.13.13.12.2.77.8252.05090510140315010003130007000910,2.25.234651502352368356456298825489565282446,53,hip,4,0.9999856948852539,1,1,,,,,,,,,,,,,0.4561674892902374,1,1,0.34764787554740906,1,1,0.04008735716342926,0,0
1.2.643.5.1.13.13.12.2.77.8252.09140613011500120102030800080807,2.25.234651502352368356456298825489565282446,53,hip,4,0.9999274015426636,1,1,,,,,,,,,,,,,0.7723590135574341,1,1,0.5551036596298218,1,1,0.10913478583097458,1,0
1.2.643.5.1.13.13.12.2.77.8252.06030210110500061108030910090908,2.25.247714038039430659432048101646401574824,54,spine,1,6.477467104559764e-05,0,0,0.2825919985771179,0,1,0.044931646436452866,0,0,0.07396338135004044,0,0,0.14953137934207916,0,1,,,,,,,,,
1.2.643.5.1.13.13.12.2.77.8252.06051510010614000404080600020603,2.25.247714038039430659432048101646401574824,54,hip,1,0.9999991655349731,1,1,,,,,,,,,,,,,0.07263670116662979,0,0,0.07290027290582657,0,0,0.008187909610569477,0,0
1.2.643.5.1.13.13.12.2.77.8252.13110800060502010303101404091303,2.25.247714038039430659432048101646401574824,54,hip,1,0.9999973773956299,1,1,,,,,,,,,,,,,0.0960254892706871,0,0,0.09947021305561066,0,0,0.012431650422513485,0,0
1.2.643.5.1.13.13.12.2.77.8252.02001209000515050108060411111311,2.25.269648774413746842548908998641183395622,55,spine,1,1.0699396625568625e-05,0,0,0.2575782835483551,0,1,0.024423090741038322,0,0,0.05155818909406662,0,1,0.12474514544010162,0,1,,,,,,,,,
1.2.643.5.1.13.13.12.2.77.8252.12031014110715041000030602140501,2.25.269648774413746842548908998641183395622,55,hip,1,0.9999628067016602,1,1,,,,,,,,,,,,,0.08647765219211578,0,0,0.0792103186249733,0,0,0.03085050918161869,0,0
1.2.643.5.1.13.13.12.2.77.8252.12130902030702050210110604020115,2.25.269648774413746842548908998641183395622,55,hip,1,0.9999732971191406,1,1,,,,,,,,,,,,,0.05310790613293648,0,0,0.049958519637584686,0,0,0.022201230749487877,0,0
1.2.643.5.1.13.13.12.2.77.8252.11081308031311040302130506061304,2.25.269742577365511543488820993979123763373,56,spine,3,5.204856279306114e-05,0,0,0.44881877303123474,1,0,0.044680867344141006,0,0,0.08632347732782364,0,0,0.3004375994205475,1,0,,,,,,,,,
1.2.643.5.1.13.13.12.2.77.8252.07020101080211090714060800071015,2.25.272690031744216183651627058502316132741,57,spine,0,4.629321847460233e-05,0,0,0.3009510040283203,0,0,0.04115288704633713,0,0,0.058024752885103226,0,0,0.1276526302099228,0,0,,,,,,,,,
1.2.643.5.1.13.13.12.2.77.8252.10090104061310110414150206150115,2.25.272690031744216183651627058502316132741,57,hip,0,0.9999128580093384,1,1,,,,,,,,,,,,,0.37822940945625305,1,0,0.35231319069862366,1,0,0.042245496064424515,0,0
1.2.643.5.1.13.13.12.2.77.8252.12111114061412150313141006121511,2.25.272690031744216183651627058502316132741,57,hip,0,0.9999567270278931,1,1,,,,,,,,,,,,,0.5463750958442688,1,1,0.5218366980552673,1,1,0.04107588902115822,0,0
1.2.643.5.1.13.13.12.2.77.8252.00080112010710030607090609070409,2.25.276415754443998872860614500027519740375,58,spine,2,3.3016208362823818e-06,0,0,0.06394841521978378,0,0,0.005663865711539984,0,0,0.01798621006309986,0,0,0.05964693799614906,0,0,,,,,,,,,
1.2.643.5.1.13.13.12.2.77.8252.12100615051100140712150704150801,2.25.276415754443998872860614500027519740375,58,hip,2,0.9999926090240479,1,1,,,,,,,,,,,,,0.022371459752321243,0,0,0.01923425868153572,0,0,0.007695646956562996,0,0
1.2.643.5.1.13.13.12.2.77.8252.01080011050715071510151108031409,2.25.276415754443998872860614500027519740375,58,hip,2,0.9999995231628418,1,1,,,,,,,,,,,,,0.010448625311255455,0,0,0.00978387612849474,0,0,0.002199798123911023,0,0
1.2.643.5.1.13.13.12.2.77.8252.07090609050707040704081509101500,2.25.277752758923974029595977676354128739670,59,spine,3,5.761219290434383e-05,0,0,0.4753313660621643,1,1,0.05108273774385452,0,0,0.10781263560056686,0,0,0.2624635696411133,1,1,,,,,,,,,
1.2.643.5.1.13.13.12.2.77.8252.05010011080903070300131415001403,2.25.277752758923974029595977676354128739670,59,hip,3,0.9999922513961792,1,1,,,,,,,,,,,,,0.05997643992304802,0,1,0.05023736134171486,0,0,0.00982179306447506,0,1
1.2.643.5.1.13.13.12.2.77.8252.11140100091110050501140207060912,2.25.277752758923974029595977676354128739670,59,hip,3,0.9999895095825195,1,1,,,,,,,,,,,,,0.07396338135004044,0,0,0.06693419814109802,0,0,0.011158031411468983,0,0
1.2.643.5.1.13.13.12.2.77.8252.08001013010106001102020015031109,2.25.286999464611662854355201599068538813496,60,spine,4,1.0657684470061213e-05,0,0,0.11240508407354355,0,0,0.01764446496963501,0,0,0.03358950838446617,0,0,0.03941638767719269,0,0,,,,,,,,,
1.2.643.5.1.13.13.12.2.77.8252.15080906090913051107110915140103,2.25.286999464611662854355201599068538813496,60,hip,4,0.9999940395355225,1,1,,,,,,,,,,,,,0.036288294941186905,0,0,0.03718677535653114,0,0,0.01784873753786087,0,0
1.2.643.5.1.13.13.12.2.77.8252.02060612071110031306070811070605,2.25.286999464611662854355201599068538813496,60,hip,4,0.9999945163726807,1,1,,,,,,,,,,,,,0.043204035609960556,0,0,0.0478690043091774,0,0,0.01634012721478939,0,0
1.2.643.5.1.13.13.12.2.77.8252.11100504100006050214040402081303,2.25.29638026465755240167985424461715024381,61,hip,1,0.9999861717224121,1,1,,,,,,,,,,,,,0.06828854233026505,0,0,0.055310655385255814,0,0,0.02364434115588665,0,0
1.2.643.5.1.13.13.12.2.77.8252.12021011000615031102060001101203,2.25.29638026465755240167985424461715024381,61,spine,1,0.0001442598586436361,0,0,0.5704509615898132,1,1,0.09417666494846344,0,1,0.1653234362602234,1,0,0.2274693101644516,1,0,,,,,,,,,
1.2.643.5.1.13.13.12.2.77.8252.12090901030412121214030908040015,2.25.29638026465755240167985424461715024381,61,hip,1,0.9999967813491821,1,1,,,,,,,,,,,,,0.030157409608364105,0,0,0.029035642743110657,0,0,0.010611421428620815,0,0
1.2.643.5.1.13.13.12.2.77.8252.05140704131104071313121101000313,2.25.306921081709806079165809721263236241032,1,spine,2,4.2893334466498345e-06,0,0,0.05070536583662033,0,0,0.005469274241477251,0,0,0.016029147431254387,0,0,0.03875619173049927,0,0,,,,,,,,,
1.2.643.5.1.13.13.12.2.77.8252.10011315050807060809100706050011,2.25.307021710202910067378603383388989711646,2,spine,3,9.590888112143148e-06,0,0,0.1985298991203308,0,1,0.023375315591692924,0,0,0.048405956476926804,0,0,0.11260009557008743,0,1,,,,,,,,,
1.2.643.5.1.13.13.12.2.77.8252.12090115120005000603040515131409,2.25.307021710202910067378603383388989711646,2,hip,3,0.9999594688415527,1,1,,,,,,,,,,,,,0.3647775650024414,1,0,0.3172147274017334,1,0,0.027376487851142883,0,0
1.2.643.5.1.13.13.12.2.77.8252.10030011090613091008080403130712,2.25.307021710202910067378603383388989711646,2,hip,3,0.9999881982803345,1,1,,,,,,,,,,,,,0.05561760812997818,0,0,0.04931359738111496,0,0,0.00838045310229063,0,0
1.2.643.5.1.13.13.12.2.77.8252.03121103130007121510030803050514,2.25.309085571913348252136520206003694446566,3,spine,3,6.120221314631635e-06,0,0,0.11182181537151337,0,1,0.009090382605791092,0,0,0.03167862445116043,0,1,0.07963873445987701,0,0,,,,,,,,,
1.2.643.5.1.13.13.12.2.77.8252.09030700121011131209150303151015,2.25.309085571913348252136520206003694446566,3,hip,3,0.9999713897705078,1,1,,,,,,,,,,,,,0.02992974780499935,0,0,0.03050205484032631,0,0,0.00815624836832285,0,0
1.2.643.5.1.13.13.12.2.77.8252.07070904150315000704031208001011,2.25.309085571913348252136520206003694446566,3,hip,3,0.9999898672103882,1,1,,,,,,,,,,,,,0.013902058824896812,0,0,0.014728614129126072,0,0,0.00407013762742281,0,0
1.2.643.5.1.13.13.12.2.77.8252.02120204101515130306021007150210,2.25.314147167453134440746270747484612743945,4,spine,4,3.156969614792615e-05,0,0,0.34488460421562195,1,0,0.03371654078364372,0,0,0.0634823590517044,0,0,0.16858302056789398,0,0,,,,,,,,,
1.2.643.5.1.13.13.12.2.77.8252.02000306061002040514101500000812,2.25.314147167453134440746270747484612743945,4,hip,4,0.9999867677688599,1,1,,,,,,,,,,,,,0.13477590680122375,0,0,0.09704755246639252,0,0,0.03554439917206764,0,0
1.2.643.5.1.13.13.12.2.77.8252.01130904120915050401031210031001,2.25.314147167453134440746270747484612743945,4,hip,4,0.9999929666519165,1,1,,,,,,,,,,,,,0.1204388216137886,0,0,0.09334687888622284,0,0,0.028652667999267578,0,0
1.2.643.5.1.13.13.12.2.77.8252.06061007030610120805010913100711,2.25.322202456901330781765399791024580391565,62,spine,0,1.4567271136911586e-05,0,0,0.0757213681936264,0,0,0.016979992389678955,0,0,0.02561391331255436,0,0,0.04099902883172035,0,0,,,,,,,,,
1.2.643.5.1.13.13.12.2.77.8252.13110108131113110013070512051310,2.25.338439598607961312040815816824093323492,5,spine,2,1.485457869421225e-05,0,0,0.07343005388975143,0,1,0.007577241398394108,0,0,0.020332353189587593,0,0,0.06548520922660828,0,1,,,,,,,,,
1.2.643.5.1.13.13.12.2.77.8252.04091012040015061107090014081504,2.25.339027809107632348165171236474821772940,6,spine,4,1.093022660825227e-06,0,0,0.03173859417438507,0,0,0.004982269834727049,0,0,0.01057048887014389,0,0,0.015424552373588085,0,0,,,,,,,,,
1.2.643.5.1.13.13.12.2.77.8252.02060903061507111201080601150903,2.25.339027809107632348165171236474821772940,6,hip,4,0.9999829530715942,1,1,,,,,,,,,,,,,0.23686911165714264,1,0,0.21833586692810059,1,0,0.01737566478550434,0,0
1.2.643.5.1.13.13.12.2.77.8252.02080414020805070003121215081311,2.25.339027809107632348165171236474821772940,6,hip,4,0.9999775886535645,1,1,,,,,,,,,,,,,0.5446802973747253,1,0,0.5203744769096375,1,0,0.02178117074072361,0,0
1.2.643.5.1.13.13.12.2.77.8252.12111312010203070900101115051015,2.25.340839477910528898406207279980417945,7,spine,4,0.00017882819520309567,0,0,0.43494126200675964,1,0,0.07068779319524765,0,0,0.1291828602552414,1,0,0.20071429014205933,1,0,,,,,,,,,
1.2.643.5.1.13.13.12.2.77.8252.14120712151005010200040708001308,2.25.340839477910528898406207279980417945,7,hip,4,0.9999935626983643,1,1,,,,,,,,,,,,,0.06954174488782883,0,0,0.07329727709293365,0,0,0.018546566367149353,0,0
1.2.643.5.1.13.13.12.2.77.8252.05030701101012140702110704000714,2.25.340839477910528898406207279980417945,7,hip,4,0.9999868869781494,1,1,,,,,,,,,,,,,0.15418487787246704,0,0,0.16211456060409546,0,0,0.020924191921949387,0,0
1.2.643.5.1.13.13.12.2.77.8252.05001409080504151204111500000514,2.25.37515662379281069436632838996073181551,8,spine,0,2.1697729607694782e-05,0,0,0.22051025927066803,0,1,0.028328312560915947,0,0,0.045777276158332825,0,1,0.10706345736980438,0,0,,,,,,,,,
1.2.643.5.1.13.13.12.2.77.8252.08110803070615141513021414111001,2.25.37515662379281069436632838996073181551,8,hip,0,0.9999992847442627,1,1,,,,,,,,,,,,,0.02112519182264805,0,0,0.01737566478550434,0,0,0.005301894154399633,0,0
1.2.643.5.1.13.13.12.2.77.8252.12090208061115110101131315120813,2.25.37515662379281069436632838996073181551,8,hip,0,0.9999972581863403,1,1,,,,,,,,,,,,,0.026759283617138863,0,0,0.022074386477470398,0,0,0.007460643537342548,0,0
1.2.643.5.1.13.13.12.2.77.8252.15141302131508150312140605060212,2.25.39068163399801173920284179500049527111,9,spine,4,1.357820292469114e-05,0,0,0.19590157270431519,0,1,0.024656856432557106,0,0,0.04552200436592102,0,1,0.07316472381353378,0,1,,,,,,,,,
1.2.643.5.1.13.13.12.2.77.8252.00030605020706130003080307080701,2.25.39068163399801173920284179500049527111,9,hip,4,0.9999644756317139,1,1,,,,,,,,,,,,,0.5389225482940674,1,1,0.4538669288158417,1,1,0.05439931899309158,0,0
1.2.643.5.1.13.13.12.2.77.8252.07150610130411050211021514011106,2.25.39068163399801173920284179500049527111,9,hip,4,0.999985933303833,1,1,,,,,,,,,,,,,0.48239865899086,1,1,0.37811458110809326,1,1,0.04360952600836754,0,0
1.2.643.5.1.13.13.12.2.77.8252.02031401091510001200041308031003,2.25.48906424954135283790354958243772558962,10,spine,1,7.455446029780433e-05,0,0,0.21983955800533295,0,1,0.03061777912080288,0,0,0.0626743733882904,0,0,0.13106197118759155,0,1,,,,,,,,,
1.2.643.5.1.13.13.12.2.77.8252.03010404051000131408111209140108,2.25.48906424954135283790354958243772558962,10,hip,1,0.9999576807022095,1,1,,,,,,,,,,,,,0.2512800693511963,0,1,0.24744145572185516,0,1,0.030329255387187004,0,0
1.2.643.5.1.13.13.12.2.77.8252.06080100090802110008000311010501,2.25.48906424954135283790354958243772558962,10,hip,1,0.9999686479568481,1,1,,,,,,,,,,,,,0.6234915256500244,1,1,0.5795193910598755,1,1,0.03468417376279831,0,0
1.2.643.5.1.13.13.12.2.77.8252.07120809010109050202061111011110,2.25.52532476139575422857225834315571570912,11,spine,4,5.3910844144411385e-05,0,0,0.13161903619766235,0,0,0.02391638606786728,0,0,0.048496000468730927,0,0,0.052134256809949875,0,0,,,,,,,,,
1.2.643.5.1.13.13.12.2.77.8252.02030504060005060505040905021305,2.25.52982400970721161435951723390541696819,12,spine,3,0.00017536996165290475,0,0,0.4503895938396454,1,1,0.07864238321781158,0,1,0.14069005846977234,0,0,0.20260091125965118,1,0,,,,,,,,,
1.2.643.5.1.13.13.12.2.77.8252.14150614130710030701101012031106,2.25.52982400970721161435951723390541696819,12,hip,3,0.9999940395355225,1,1,,,,,,,,,,,,,0.011642225086688995,0,0,0.012100386433303356,0,0,0.003621685551479459,0,0
1.2.643.5.1.13.13.12.2.77.8252.10071506040807070913151311141504,2.25.52982400970721161435951723390541696819,12,hip,3,0.9999887943267822,1,1,,,,,,,,,,,,,0.03010033443570137,0,0,0.027742892503738403,0,0,0.005957154091447592,0,0
1.2.643.5.1.13.13.12.2.77.8252.02060605151213121009151302130207,2.25.54396839637320114639948764487283877793,13,spine,1,2.3369335394818336e-05,0,0,0.06075190007686615,0,0,0.012479699216783047,0,0,0.017309095710515976,0,0,0.055720288306474686,0,0,,,,,,,,,
1.2.643.5.1.13.13.12.2.77.8252.07101010011513020401030213080905,2.25.59542620917302828428419211045951914336,14,spine,3,8.597226042184047e-06,0,0,0.2906787395477295,0,1,0.024516336619853973,0,0,0.058453235775232315,0,0,0.14330755174160004,0,1,,,,,,,,,
1.2.643.5.1.13.13.12.2.77.8252.05111111030105140803060510040613,2.25.65954778282254353457041255543338557112,15,spine,1,5.204856279306114e-05,0,0,0.39858201146125793,0,0,0.05399883911013603,0,0,0.09585607796907425,0,0,0.1946738213300705,1,0,,,,,,,,,
1.2.643.5.1.13.13.12.2.77.8252.10000615050107010300151404090301,2.25.65954778282254353457041255543338557112,15,hip,1,0.9999971389770508,1,1,,,,,,,,,,,,,0.0364251546561718,0,0,0.03676946833729744,0,0,0.008711384609341621,0,0
1.2.643.5.1.13.13.12.2.77.8252.11130315030911081202140406010814,2.25.65954778282254353457041255543338557112,15,hip,1,0.999998927116394,1,1,,,,,,,,,,,,,0.014503579586744308,0,0,0.014899643138051033,0,0,0.004331501666456461,0,0
1.2.643.5.1.13.13.12.2.77.8252.00121200081108110912041503010000,2.25.66397484472966116002950503539482860450,16,spine,0,3.68322298527346e-06,0,0,0.09351231157779694,0,0,0.014559517614543438,0,0,0.023021258413791656,0,0,0.04698663949966431,0,0,,,,,,,,,
1.2.643.5.1.13.13.12.2.77.8252.08021214010408050013070405100802,2.25.66397484472966116002950503539482860450,16,hip,0,0.9997418522834778,1,1,,,,,,,,,,,,,0.7988152503967285,1,1,0.802710235118866,1,1,0.06465348601341248,0,0
1.2.643.5.1.13.13.12.2.77.8252.15121501030904011113060500050403,2.25.66397484472966116002950503539482860450,16,hip,0,0.9996125102043152,1,1,,,,,,,,,,,,,0.8665847778320312,1,1,0.8410438895225525,1,1,0.10141132026910782,1,0
1.2.643.5.1.13.13.12.2.77.8252.07150604010711031305090702140107,2.25.73070100851377917031356937075051545239,17,spine,2,0.000161560601554811,0,0,0.500152587890625,1,1,0.07237401604652405,0,0,0.12463856488466263,0,1,0.26057758927345276,1,0,,,,,,,,,
1.2.643.5.1.13.13.12.2.77.8252.00031305050707070014000611130907,2.25.73070100851377917031356937075051545239,17,hip,2,0.9999196529388428,1,1,,,,,,,,,,,,,0.3377494215965271,1,1,0.3008482754230499,1,1,0.04023794084787369,0,0
1.2.643.5.1.13.13.12.2.77.8252.09110310111109140609041514031010,2.25.73070100851377917031356937075051545239,17,hip,2,0.9998212456703186,1,1,,,,,,,,,,,,,0.21783626079559326,0,1,0.1830088496208191,0,1,0.040692951530218124,0,0
1.2.643.5.1.13.13.12.2.77.8252.06151311061015011100110511080701,2.25.76710355977373089612172037086913478687,18,spine,1,3.654559804999735e-06,0,0,0.04569203406572342,0,0,0.0074030146934092045,0,0,0.009340023621916771,0,0,0.044680867344141006,0,0,,,,,,,,,
1.2.643.5.1.13.13.12.2.77.8252.02050808061207030811150709091509,2.25.76710355977373089612172037086913478687,18,hip,1,0.9999879598617554,1,1,,,,,,,,,,,,,0.09252364933490753,0,0,0.09334687888622284,0,0,0.01652955636382103,0,0
1.2.643.5.1.13.13.12.2.77.8252.14130302090906050506100315000611,2.25.76710355977373089612172037086913478687,18,hip,1,0.9999896287918091,1,1,,,,,,,,,,,,,0.20386597514152527,0,0,0.18639107048511505,0,0,0.01908743381500244,0,0
1.2.643.5.1.13.13.12.2.77.8252.11011500050713141305050211140308,2.25.78999454687125053757525542837745968726,19,spine,1,1.0699396625568625e-05,0,0,0.2359876036643982,0,0,0.02400774508714676,0,0,0.050893716514110565,0,0,0.12273333966732025,0,0,,,,,,,,,
1.2.643.5.1.13.13.12.2.77.8252.05120913001500151408091003040415,2.25.78999454687125053757525542837745968726,19,hip,1,0.9998952150344849,1,1,,,,,,,,,,,,,0.28746768832206726,0,1,0.23074638843536377,0,1,0.03494669869542122,0,0
1.2.643.5.1.13.13.12.2.77.8252.07150713040501120002001009141410,2.25.78999454687125053757525542837745968726,19,hip,1,0.9998931884765625,1,1,,,,,,,,,,,,,0.3970029056072235,1,1,0.3260568082332611,1,1,0.03760863468050957,0,0
1.2.643.5.1.13.13.12.2.77.8252.15001111061311011106030303001309,2.25.82912555346523716720160717883917565880,20,spine,3,2.50195034823264e-06,0,0,0.15065254271030426,0,0,0.008813166059553623,0,0,0.022715754806995392,0,0,0.1127954050898552,0,0,,,,,,,,,
1.2.643.5.1.13.13.12.2.77.8252.06060810060308150905140912050013,2.25.82912555346523716720160717883917565880,20,hip,3,0.9999892711639404,1,1,,,,,,,,,,,,,0.048496000468730927,0,0,0.04092230275273323,0,0,0.006957608740776777,0,0
1.2.643.5.1.13.13.12.2.77.8252.13130903011502030304101506090814,2.25.82912555346523716720160717883917565880,20,hip,3,0.999925971031189,1,1,,,,,,,,,,,,,0.2698063254356384,1,1,0.24148941040039062,1,1,0.022201230749487877,0,0
1.2.643.5.1.13.13.12.2.77.8252.10041006131411151513070104110809,2.25.87718478011637131470224319788530286374,21,spine,2,2.516971835575532e-05,0,0,0.1457221657037735,0,0,0.021491764113307,0,0,0.047514185309410095,0,0,0.09999629855155945,0,0,,,,,,,,,
1.2.643.5.1.13.13.12.2.77.8252.04050904100201141507070306131511,2.25.87869906212286587478854831452123526595,22,spine,4,0.00012881154543720186,0,0,0.4407099485397339,1,1,0.059756580740213394,0,0,0.10669060051441193,1,0,0.22101424634456635,1,1,,,,,,,,,
1.2.643.5.1.13.13.12.2.77.8252.15101115041306031303150405131115,2.25.87869906212286587478854831452123526595,22,hip,4,0.9999977350234985,1,1,,,,,,,,,,,,,0.05781161040067673,0,0,0.059537485241889954,0,0,0.009936418384313583,0,0
1.2.643.5.1.13.13.12.2.77.8252.06111209081313111015020309051508,2.25.87869906212286587478854831452123526595,22,hip,4,0.9999954700469971,1,1,,,,,,,,,,,,,0.023153411224484444,0,0,0.023286305367946625,0,0,0.011115013621747494,0,0
1.2.643.5.1.13.13.12.2.77.8252.07120905081404061009060805020905,2.25.91981043841368764114007975581101713077,23,spine,0,7.211375304905232e-06,0,0,0.10466019809246063,0,1,0.02048855647444725,0,1,0.029591374099254608,0,0,0.06325051933526993,0,0,,,,,,,,,
1.2.643.5.1.13.13.12.2.77.8252.04111101091200130111070203120509,2.25.91981043841368764114007975581101713077,23,hip,0,0.9999984502792358,1,1,,,,,,,,,,,,,0.013689476065337658,0,0,0.011419613845646381,0,0,0.0065388246439397335,0,0
1.2.643.5.1.13.13.12.2.77.8252.08061201060114131102110802141411,2.25.91981043841368764114007975581101713077,23,hip,0,0.9999955892562866,1,1,,,,,,,,,,,,,0.03554439917206764,0,0,0.026506125926971436,0,0,0.011288073845207691,0,0
