annotator,sop_uid,study,study_n,complete,skip,seconds,n_centers,angle,angle_std_jitter,angle_loo_max_shift,monotonic,crest_left,crest_right,th12,numbering_uncertain,comment,y_axis,y_pos,y_foreign,quality_class,comment_label
isson,1.2.643.5.1.13.13.12.2.77.8252.05150512091506110304120408070606,2.25.116822802042655971810859435524105064465,67,True,False,140.961,6,0.3184971574567,0.5152855266898744,1.010105363451957,True,partial,partial,yes,True,,0.0,0.0,0.0,0.0,
isson,1.2.643.5.1.13.13.12.2.77.8252.15141302131508150312140605060212,2.25.39068163399801173920284179500049527111,9,True,False,34.297,6,3.1558689767734056,0.8181495965524581,0.4085436838720451,True,in_frame,in_frame,yes,False,,1.0,0.0,1.0,1.0,
isson,1.2.643.5.1.13.13.12.2.77.8252.12021011000615031102060001101203,2.25.29638026465755240167985424461715024381,61,True,False,92.518,5,2.571857511038606,0.817787289983078,0.727569578294764,True,out_of_frame,out_of_frame,yes,False,,0.0,1.0,0.0,1.0,
isson,1.2.643.5.1.13.13.12.2.77.8252.06030210110500061108030910090908,2.25.247714038039430659432048101646401574824,54,True,False,46.295,6,1.4566555914799577,0.7653999578507856,0.31463271929458925,True,partial,partial,yes,False,,0.0,0.0,1.0,1.0,
isson,1.2.643.5.1.13.13.12.2.77.8252.05130006080703150808130311150104,2.25.165355673991587715046346525964554729786,87,True,False,21.127,6,1.124301189092012,0.7074467283739184,0.1687142704455914,True,in_frame,in_frame,yes,False,,0.0,0.0,1.0,1.0,
isson,1.2.643.5.1.13.13.12.2.77.8252.07150612000412081110110102150004,1.2.840.113619.2.110.512719.20250407113211,26,True,False,29.441,6,0.20148427149570525,0.4699683460788287,0.19758509764446025,True,partial,partial,yes,True,,0.0,0.0,0.0,0.0,
isson,1.2.643.5.1.13.13.12.2.77.8252.10001500010311100907131007040004,2.25.114887542067602662452692698814728642117,31,True,False,58.645,6,1.1485543958213507,0.6853136482900335,0.7868522260019253,True,partial,partial,yes,False,,0.0,0.0,1.0,1.0,
isson,1.2.643.5.1.13.13.12.2.77.8252.08001013010106001102020015031109,2.25.286999464611662854355201599068538813496,60,True,False,50.75,6,0.8207529407502626,0.6583563433082766,1.838334123670717,True,in_frame,in_frame,yes,False,,0.0,0.0,0.0,0.0,сколиоз
isson,1.2.643.5.1.13.13.12.2.77.8252.15080409060108110106110204020115,2.25.132083163398091874662674590622589534350,75,True,False,53.318,6,7.148508339179564,0.6058092948289673,0.4755615866129892,True,partial,partial,yes,False,,0.0,0.0,0.0,0.0,сколиоз
isson,1.2.643.5.1.13.13.12.2.77.8252.09070705131210061514041509120513,2.25.128630285053087246379265602913470285158,36,True,False,111.849,6,3.0404903633413305,0.6440357013544356,1.1239191491206642,True,partial,partial,yes,False,,0.0,0.0,0.0,0.0,
isson,1.2.643.5.1.13.13.12.2.77.8252.15000310101315070007100105150401,2.25.173753313169335820519632380691065649420,46,True,False,42.998,6,5.81636077727919,0.6711148649248736,0.7839366318278858,True,in_frame,in_frame,no,False,,1.0,0.0,0.0,1.0,
isson,1.2.643.5.1.13.13.12.2.77.8252.02031401091510001200041308031003,2.25.48906424954135283790354958243772558962,10,True,False,41.954,6,3.1045656162584274,0.7383318755976062,0.49741220410496956,True,partial,partial,yes,True,,0.0,0.0,1.0,1.0,Требует внимание
isson,1.2.643.5.1.13.13.12.2.77.8252.05140704131104071313121101000313,2.25.306921081709806079165809721263236241032,1,True,False,69.288,6,0.08524109646920935,0.40071819846043977,0.2770147382299434,True,partial,partial,yes,True,,0.0,0.0,0.0,0.0,
isson,1.2.643.5.1.13.13.12.2.77.8252.13110108131113110013070512051310,2.25.338439598607961312040815816824093323492,5,True,False,42.333,6,3.267564377362433,0.7104287878275496,3.870052675820723,True,in_frame,in_frame,yes,True,,0.0,0.0,1.0,1.0,сколиоз
isson,1.2.643.5.1.13.13.12.2.77.8252.09040703010601060814101313081104,2.25.158197739569377798130962967413133224194,42,True,False,52.875,6,2.205576453410002,0.6542287444986739,0.1996747886320973,True,partial,partial,yes,False,,0.0,0.0,0.0,0.0,
isson,1.2.643.5.1.13.13.12.2.77.8252.14060403060314010506081209070311,2.25.175881661753775295785039265792986971602,93,True,False,54.858,5,3.70642146875427,0.8010213314544518,0.5430217948415468,True,partial,in_frame,no,False,,0.0,0.0,0.0,0.0,сколиоз
isson,1.2.643.5.1.13.13.12.2.77.8252.03150209000513130305020013101408,2.25.144941557565802351596730914409170713112,80,True,False,24.503,6,1.9470392184640497,0.623849849497853,1.0084346356483018,True,partial,partial,yes,False,,0.0,0.0,0.0,0.0,
isson,1.2.643.5.1.13.13.12.2.77.8252.14080500031007021314121106040303,2.25.127126130998341190348103034690069487890,35,True,False,54.597,6,3.088326661509792,0.6006930640014857,1.1071700105911422,True,in_frame,in_frame,yes,False,,1.0,0.0,0.0,1.0,перелом
isson,1.2.643.5.1.13.13.12.2.77.8252.01091510011014070612050311031410,2.25.173731186748227489808861376513577450951,92,True,False,72.886,6,2.603524348114641,0.708174076827639,0.5386826336993229,True,in_frame,in_frame,no,False,,0.0,0.0,0.0,0.0,
isson,1.2.643.5.1.13.13.12.2.77.8252.10070914150303091307080902000612,2.25.156021661584944120526934974594604520993,81,True,False,25.522,6,2.8936934408094586,0.6553804274487064,1.2791901056559376,True,in_frame,in_frame,yes,False,,0.0,0.0,0.0,0.0,
isson,1.2.643.5.1.13.13.12.2.77.8252.14070208080209001506081402060503,2.25.13325817932854000792938662637654885530,76,True,False,20.417,6,3.7296508550794005,0.671284072412748,1.788426359161699,True,in_frame,in_frame,yes,False,,0.0,0.0,0.0,0.0,
isson,1.2.643.5.1.13.13.12.2.77.8252.07150604010711031305090702140107,2.25.73070100851377917031356937075051545239,17,True,False,28.348,6,5.146150646472283,0.7024061808651647,0.31031606527071,True,partial,partial,yes,False,,1.0,0.0,0.0,1.0,"Отклонение оси, нет малых вертелов"
isson,1.2.643.5.1.13.13.12.2.77.8252.06151311061015011100110511080701,2.25.76710355977373089612172037086913478687,18,True,False,22.034,6,3.211858623359851,0.6718719010096854,0.12623002089876234,True,in_frame,in_frame,no,False,,0.0,0.0,0.0,0.0,
isson,1.2.643.5.1.13.13.12.2.77.8252.06141210040207130507130606070312,2.25.125521310320333648427417313254965624364,34,True,False,49.813,5,0.09025353144104348,0.5161127651514776,1.1119740054954506,True,out_of_frame,out_of_frame,yes,True,,0.0,1.0,0.0,1.0,
isson,1.2.643.5.1.13.13.12.2.77.8252.14031015091008031013040205110915,1.2.840.113619.2.110.512719.20250403090444,24,True,False,61.782,6,0.9067484660950736,0.6147013499092242,0.6852325353494763,True,partial,partial,yes,False,,0.0,0.0,0.0,0.0,
isson,1.2.643.5.1.13.13.12.2.77.8252.14031513011512070711151413071213,2.25.108537195937431169718850276671337677972,29,True,False,19.71,6,1.6136547833111148,0.643373955503027,2.5184675343296163,True,in_frame,in_frame,yes,False,,0.0,0.0,0.0,0.0,
isson,1.2.643.5.1.13.13.12.2.77.8252.14131410040814100713070401091213,2.25.10245777060263212829333021434108890537,27,True,False,21.682,6,2.736588792780849,0.6466328300580999,0.4859478436841198,True,in_frame,in_frame,yes,False,,0.0,0.0,0.0,0.0,
isson,1.2.643.5.1.13.13.12.2.77.8252.03050114141207061001080502130215,2.25.17706555930735581384953296958427669848,47,True,False,32.353,6,4.031784299520378,0.6944175241548504,1.8355009821542234,True,partial,partial,yes,False,,0.0,0.0,1.0,1.0,
isson,1.2.643.5.1.13.13.12.2.77.8252.03120113151010021310000801051000,2.25.16773626720107440979805052259711419763,88,True,False,55.954,5,2.4796767371517014,0.7819410407998241,0.8746822652264694,True,partial,partial,cannot,True,,0.0,0.0,0.0,0.0,
isson,1.2.643.5.1.13.13.12.2.77.8252.07020101080211090714060800071015,2.25.272690031744216183651627058502316132741,57,True,False,24.3,6,5.318542194821629,0.7435840722640963,1.3992411734249286,True,partial,partial,yes,False,,0.0,0.0,0.0,0.0,
isson,1.2.643.5.1.13.13.12.2.77.8252.15001111061311011106030303001309,2.25.82912555346523716720160717883917565880,20,True,False,14.291,6,1.828356275947074,0.7040644342515037,0.5810024233719289,True,partial,partial,yes,False,,0.0,0.0,0.0,0.0,Хороший пример ротации 
isson,1.2.643.5.1.13.13.12.2.77.8252.07120809010109050202061111011110,2.25.52532476139575422857225834315571570912,11,True,False,37.443,6,2.6626433064335244,0.7860307009036219,5.009838110905328,True,partial,partial,yes,False,"Очень плохой снимок, сколиоз",0.0,0.0,0.0,0.0,"Сколиоз, не верня разметка "
isson,1.2.643.5.1.13.13.12.2.77.8252.12060607091105150404131215110908,2.25.135241889065705954191821710363605596815,78,True,False,66.645,6,0.9782785700976991,0.5710844500783336,0.41424407945873554,True,in_frame,in_frame,yes,True,,0.0,0.0,0.0,0.0,
isson,1.2.643.5.1.13.13.12.2.77.8252.07090609050707040704081509101500,2.25.277752758923974029595977676354128739670,59,True,False,27.307,6,1.2992484393838946,0.6479756057935078,0.3988214878902725,True,in_frame,in_frame,yes,False,,0.0,0.0,1.0,1.0,
isson,1.2.643.5.1.13.13.12.2.77.8252.10051211011505050506141504040101,2.25.234651502352368356456298825489565282446,53,True,False,36.618,6,2.567113211924397,0.6610343612451601,1.6432669605641923,True,partial,partial,yes,False,,0.0,0.0,0.0,0.0,
isson,1.2.643.5.1.13.13.12.2.77.8252.13140203110104081414101201001405,2.25.215177279960644564778148238928738915103,50,True,False,47.529,6,2.811503858886642,0.7521989922833714,0.08981989596295614,True,partial,in_frame,yes,True,,0.0,0.0,0.0,0.0,
isson,1.2.643.5.1.13.13.12.2.77.8252.01120104060301100213100004141203,2.25.165091430504580219034019815337441064349,44,True,False,14.523,6,4.086017533135141,0.6517321106535475,1.2450767692694722,True,partial,partial,yes,False,,0.0,0.0,0.0,0.0,
isson,1.2.643.5.1.13.13.12.2.77.8252.07151108041411120004040810151209,2.25.132272637351979990811754009849547633391,37,True,False,66.375,6,8.954499284659743,0.7043364152564381,2.039910530544491,True,partial,partial,yes,True,"Плохой снимок, сколиоз, смешано",0.0,0.0,0.0,0.0,
isson,1.2.643.5.1.13.13.12.2.77.8252.02030112081401101404040904010405,2.25.164566280810634620154538016595892212884,43,True,False,21.297,5,2.7856942830491014,0.8603425335005308,0.5294148418777929,True,out_of_frame,out_of_frame,yes,False,,0.0,1.0,0.0,1.0,
isson,1.2.643.5.1.13.13.12.2.77.8252.12071204070300150506091512141413,2.25.175903805423871105435148927871625232853,94,True,False,18.105,6,0.6425298579493823,0.5131471104009518,0.38276417715917277,True,in_frame,in_frame,yes,False,,0.0,0.0,0.0,0.0,
isson,1.2.643.5.1.13.13.12.2.77.8252.07051313070907070603030815070904,2.25.151186844055172005615813066162721550889,41,True,False,42.703,5,1.7019002669415344,0.7231059470461194,1.1377612573309874,True,in_frame,in_frame,cannot,True,,0.0,0.0,0.0,0.0,
isson,1.2.643.5.1.13.13.12.2.77.8252.02050314081501100100131400110412,2.25.137344827330550141320158285144101816664,79,True,False,25.943,6,1.6906569131984082,0.6707908055012365,0.4972866894563377,True,partial,partial,yes,False,,0.0,0.0,0.0,0.0,
isson,1.2.643.5.1.13.13.12.2.77.8252.02030504060005060505040905021305,2.25.52982400970721161435951723390541696819,12,True,False,24.76,6,2.2932261690500026,0.6590242267084674,0.7903285432577531,True,out_of_frame,out_of_frame,yes,True,,0.0,1.0,0.0,1.0,"L6, люмбализация"
isson,1.2.643.5.1.13.13.12.2.77.8252.07080813110202150000000512100700,2.25.13983650679559142983913935144968795415,39,True,False,15.656,6,0.7809374668856567,0.5667080497806785,0.2740650093229774,True,in_frame,in_frame,yes,False,,0.0,0.0,0.0,0.0,
isson,1.2.643.5.1.13.13.12.2.77.8252.00080112010710030607090609070409,2.25.276415754443998872860614500027519740375,58,True,False,17.702,6,5.702546154675916,0.6464702917313405,1.0655875218692552,True,in_frame,partial,yes,False,,0.0,0.0,0.0,0.0,сколиоз
isson,1.2.643.5.1.13.13.12.2.77.8252.04000404020304020301120408100801,2.25.190807933410234695931591553323782771995,100,True,False,26.564,6,0.32860692500491767,0.43951359622670905,1.1046076788368286,True,partial,partial,yes,False,,0.0,0.0,1.0,1.0,
isson,1.2.643.5.1.13.13.12.2.77.8252.04151306060901060605121400081206,2.25.184198356665635336833172191504278054074,97,True,False,34.751,6,1.770122028180618,0.7223078431968735,1.0987061175606623,True,in_frame,in_frame,yes,False,,0.0,0.0,0.0,0.0,
isson,1.2.643.5.1.13.13.12.2.77.8252.03050413050004110015050414021412,2.25.159930383074323525630608416881201447861,86,True,False,20.942,6,0.7040522593699824,0.5320761989300776,0.9268415614546265,True,partial,partial,yes,False,,0.0,0.0,0.0,0.0,
isson,1.2.643.5.1.13.13.12.2.77.8252.04100315041404021215101114140602,2.25.186201010600484120326273381077449377115,98,True,False,25.819,6,3.045965148532585,0.6241576846056356,1.1418139468814363,True,in_frame,in_frame,yes,False,,0.0,0.0,0.0,0.0,
isson,1.2.643.5.1.13.13.12.2.77.8252.11081308031311040302130506061304,2.25.269742577365511543488820993979123763373,56,True,False,36.984,6,8.292319132661696,0.7347905886500165,0.9222148588871288,True,partial,partial,yes,True,,0.0,0.0,0.0,0.0,сколиоз
isson,1.2.643.5.1.13.13.12.2.77.8252.09071502150602001009041214040315,2.25.122446767306607067205618235949445789306,32,True,False,18.23,6,2.2853011320027763,0.6395016564455742,0.7637922031566724,True,partial,partial,yes,False,,0.0,0.0,0.0,0.0,
isson,1.2.643.5.1.13.13.12.2.77.8252.07040802010906150312000007110303,2.25.145848300160680194368420189079847088556,40,True,False,78.399,6,4.448959749149867,0.7501832460872545,1.4031938303627456,True,in_frame,in_frame,yes,False,"Слишком смешано, сколиоз, очень трудно",0.0,0.0,0.0,0.0,
isson,1.2.643.5.1.13.13.12.2.77.8252.13030903151515081500090603041412,2.25.11175860580562939441493697221497597640,66,True,False,74.946,6,1.7828656947655797,0.6950504486818793,2.55406567157734,True,partial,partial,yes,False,,0.0,0.0,1.0,1.0,правое бедро эндопротезирования
isson,1.2.643.5.1.13.13.12.2.77.8252.04091012040015061107090014081504,2.25.339027809107632348165171236474821772940,6,True,False,33.167,6,3.596888088783112,0.7445415210569837,2.9373320217983587,True,in_frame,in_frame,yes,False,,0.0,0.0,0.0,0.0,сколиоз
den,1.2.643.5.1.13.13.12.2.77.8252.04091012040015061107090014081504,2.25.339027809107632348165171236474821772940,6,True,False,44.491,6,3.596888088783112,0.7445415210569837,2.9373320217983587,True,in_frame,in_frame,yes,False,,0.0,0.0,0.0,0.0,сколиоз
den,1.2.643.5.1.13.13.12.2.77.8252.03010603150012061509030005111300,2.25.220866240977467582196609708837940253840,52,True,False,40.324,6,9.436964006377172,0.6337865935428011,0.641961148826482,True,partial,partial,yes,False,,1.0,0.0,0.0,1.0,
den,1.2.643.5.1.13.13.12.2.77.8252.05001409080504151204111500000514,2.25.37515662379281069436632838996073181551,8,True,False,32.732,6,6.573876171736437,0.7168246249387576,0.6308082494756633,True,partial,partial,yes,False,,1.0,0.0,0.0,1.0,Хороший пример отклонения оси при КТ п-ка
den,1.2.643.5.1.13.13.12.2.77.8252.09050515110402090102050206010406,1.2.840.113619.2.110.512719.20250403092052,25,True,False,53.16,6,2.0270218203040082,0.7004943948023062,0.3998954342243801,True,partial,in_frame,yes,True,,0.0,0.0,0.0,0.0,
den,1.2.643.5.1.13.13.12.2.77.8252.11011500050713141305050211140308,2.25.78999454687125053757525542837745968726,19,True,False,31.891,5,2.5906239719545945,0.7773534648362639,0.43105857736811526,True,in_frame,in_frame,cannot,False,,0.0,0.0,0.0,0.0,Требует внимание
den,1.2.643.5.1.13.13.12.2.77.8252.06061007030610120805010913100711,2.25.322202456901330781765399791024580391565,62,True,False,21.447,5,3.9284376157921472,0.8374403174380027,5.241629304247695,True,partial,partial,cannot,False,,0.0,0.0,0.0,0.0,сколиоз
den,1.2.643.5.1.13.13.12.2.77.8252.12031311070507060813050800031313,2.25.123175695355749859846173904788591707879,68,True,False,34.312,6,1.5182451095066936,0.7527151898668675,1.889410662900968,True,partial,partial,yes,False,,0.0,0.0,0.0,0.0,
den,1.2.643.5.1.13.13.12.2.77.8252.10011315050807060809100706050011,2.25.307021710202910067378603383388989711646,2,True,False,32.049,6,0.30790750283455326,0.45529091625893947,0.17323312528778678,True,partial,partial,yes,False,,0.0,0.0,1.0,1.0,
den,1.2.643.5.1.13.13.12.2.77.8252.08001013010106001102020015031109,2.25.286999464611662854355201599068538813496,60,True,False,32.633,6,0.5861648810439237,0.5392174326367214,1.3215563904594017,True,partial,partial,yes,True,,0.0,0.0,0.0,0.0,сколиоз
den,1.2.643.5.1.13.13.12.2.77.8252.07120905081404061009060805020905,2.25.91981043841368764114007975581101713077,23,True,False,31.816,5,1.1508796762188351,0.6259075796310061,1.4924307904799738,True,partial,partial,cannot,False,,0.0,1.0,0.0,1.0,
den,1.2.643.5.1.13.13.12.2.77.8252.15011410150513090204040606151204,2.25.157462338378550185821790046400986801350,84,True,False,28.449,6,0.9514988178485777,0.6336642303933541,1.3860161283239019,True,partial,partial,yes,False,,0.0,0.0,0.0,0.0,
den,1.2.643.5.1.13.13.12.2.77.8252.00071307071102020311080215100104,2.25.105033841136787477881326326053319223817,65,True,False,49.837,6,6.225347935721957,0.7447683763975717,0.34173057338167023,True,partial,in_frame,yes,True,,0.0,0.0,0.0,0.0,сколиоз
den,1.2.643.5.1.13.13.12.2.77.8252.07101010011513020401030213080905,2.25.59542620917302828428419211045951914336,14,True,False,17.465,6,0.6862712142995981,0.5254990067497862,0.7083957346928651,True,partial,partial,yes,False,,0.0,0.0,1.0,1.0,
den,1.2.643.5.1.13.13.12.2.77.8252.08131412000401011215150704040610,2.25.172445998420765569384934552191547932566,91,True,False,61.487,6,2.5731606193464915,0.6710110473494936,1.470385671914149,True,partial,partial,yes,True,,0.0,0.0,1.0,1.0,
den,1.2.643.5.1.13.13.12.2.77.8252.12071112070710000412111310090807,2.25.156389075510671877606923458507011517218,83,True,False,36.458,6,0.11716388200112549,0.41607208240592775,0.5529675641252805,True,in_frame,in_frame,yes,False,,0.0,0.0,0.0,0.0,
den,1.2.643.5.1.13.13.12.2.77.8252.14060403060314010506081209070311,2.25.175881661753775295785039265792986971602,93,True,False,34.071,5,4.299272286425614,0.7664870108237501,0.6706499666411911,True,partial,in_frame,cannot,False,,0.0,0.0,0.0,0.0,сколиоз
den,1.2.643.5.1.13.13.12.2.77.8252.03150209000513130305020013101408,2.25.144941557565802351596730914409170713112,80,True,False,24.419,6,2.585140914454773,0.6357890329948199,0.9826464350864805,True,partial,partial,yes,False,,0.0,0.0,0.0,0.0,
den,1.2.643.5.1.13.13.12.2.77.8252.10151201011509101414030411060512,2.25.177745077805190810016231350557005569203,48,True,False,41.812,5,1.452613430001686,0.7202416358008611,1.3745065545730946,True,in_frame,in_frame,cannot,True,"Тяжело, размазано",0.0,0.0,0.0,0.0,
den,1.2.643.5.1.13.13.12.2.77.8252.05060902130204131205041207051405,2.25.137675513852774974135210999345676405116,38,True,False,50.006,6,2.3284397927346205,0.7091983403270051,0.42793740811124703,True,partial,partial,yes,True,Мог перепутать позвонки,0.0,0.0,0.0,0.0,
den,1.2.643.5.1.13.13.12.2.77.8252.02120204101515130306021007150210,2.25.314147167453134440746270747484612743945,4,True,False,36.807,5,2.1689204155832833,0.744989985328976,0.7408000193333701,True,in_frame,in_frame,cannot,False,,0.0,0.0,0.0,0.0,
den,1.2.643.5.1.13.13.12.2.77.8252.10031005061115110908060312000307,2.25.126293418391331346694592071563510265596,69,True,False,83.239,6,0.5189400994489527,0.5194215620747312,0.49233666807968535,True,in_frame,in_frame,yes,True,Мог неправильно определить Th12,0.0,0.0,0.0,0.0,
den,1.2.643.5.1.13.13.12.2.77.8252.04071014120313000711051010091409,2.25.128990540359421489042453547244535073735,72,True,False,33.125,6,2.631973170481206,0.7817540852011882,1.7559864573718564,True,partial,out_of_frame,yes,False,Тяжело,0.0,1.0,0.0,1.0,
den,1.2.643.5.1.13.13.12.2.77.8252.10030113050111051002020402141304,2.25.102755089973625799055786462646268820450,28,True,False,25.449,6,6.808166583363523,0.6838023777438007,1.4542031448033512,True,partial,in_frame,yes,False,,1.0,0.0,0.0,1.0,
den,1.2.643.5.1.13.13.12.2.77.8252.03020907090204060013031106111312,2.25.169242707068684757906797344800977707240,90,True,False,29.14,6,1.9324826710928489,0.7375657497910905,1.90326755203248,True,in_frame,in_frame,yes,False,,0.0,0.0,0.0,0.0,
den,1.2.643.5.1.13.13.12.2.77.8252.14110604050810020100071004090404,2.25.178533355209696795441380751187185128893,95,True,False,20.916,6,6.878151342808889,0.6178874731825827,0.8790800425487237,True,in_frame,in_frame,yes,False,,0.0,0.0,0.0,0.0,сколиоз
den,1.2.643.5.1.13.13.12.2.77.8252.14031513011512070711151413071213,2.25.108537195937431169718850276671337677972,29,True,False,25.759,6,1.2899698258238599,0.631710581417868,2.1883153944349543,True,partial,partial,yes,False,,0.0,0.0,0.0,0.0,
den,1.2.643.5.1.13.13.12.2.77.8252.11011413051206050400150606100110,2.25.102965897799404973225419898683246248872,63,True,False,16.268,6,3.4471831107829694,0.6523535803298158,0.19763198016440864,True,partial,partial,yes,False,,0.0,0.0,0.0,0.0,сколиоз
den,1.2.643.5.1.13.13.12.2.77.8252.04131001000110131311121304090609,2.25.217397325224876728316360420804118329081,51,True,False,27.315,5,4.727085929444762,0.8511415165567542,0.17367281375775256,True,in_frame,in_frame,cannot,False,,0.0,0.0,0.0,0.0,
den,1.2.643.5.1.13.13.12.2.77.8252.05100110120015150515030506140402,2.25.13069823278093578548407087310307113784,74,True,False,19.482,6,0.9080584719686624,0.5407389885230305,0.33068976843463405,True,in_frame,in_frame,yes,False,,0.0,0.0,0.0,0.0,
den,1.2.643.5.1.13.13.12.2.77.8252.02030508140000071310150302011113,2.25.128197189461989832465575162384360009377,71,True,False,17.665,6,1.4166642141897594,0.629050959844898,0.3690591712878999,True,in_frame,in_frame,yes,False,,0.0,0.0,0.0,0.0,
den,1.2.643.5.1.13.13.12.2.77.8252.11100109131006120600020910050910,2.25.190331309633057244929837507901317950031,99,True,False,28.414,6,2.915817122988305,0.7239922530449188,2.279086130701596,True,partial,partial,yes,False,,1.0,0.0,0.0,1.0,
den,1.2.643.5.1.13.13.12.2.77.8252.03121103130007121510030803050514,2.25.309085571913348252136520206003694446566,3,True,False,32.48,6,1.7925983313015215,0.7289034535248956,2.432436677166552,True,in_frame,in_frame,yes,False,,1.0,0.0,0.0,1.0,
den,1.2.643.5.1.13.13.12.2.77.8252.07090609050707040704081509101500,2.25.277752758923974029595977676354128739670,59,True,False,67.402,6,2.067074245806548,0.7032179605866312,0.6611704856793224,True,partial,partial,yes,False,,0.0,0.0,1.0,1.0,
den,1.2.643.5.1.13.13.12.2.77.8252.01120709131111081211081313110800,2.25.158646777318759504110695916200521633609,85,True,False,25.237,6,0.48171664174427403,0.5082599349760726,3.9031924988265283,True,partial,partial,yes,False,Тяжело,0.0,0.0,1.0,1.0,
den,1.2.643.5.1.13.13.12.2.77.8252.14030405080503070005090010011210,2.25.168317503020329569414190677927680518621,89,True,False,34.302,6,1.136977635037109,0.6560268467461837,0.8428160203361428,True,in_frame,partial,yes,False,,0.0,0.0,0.0,0.0,
den,1.2.643.5.1.13.13.12.2.77.8252.12111312010203070900101115051015,2.25.340839477910528898406207279980417945,7,True,False,27.992,6,2.690658721455099,0.6536444931881625,1.1571231170918184,True,partial,partial,yes,False,,0.0,0.0,0.0,0.0,
den,1.2.643.5.1.13.13.12.2.77.8252.04050904100201141507070306131511,2.25.87869906212286587478854831452123526595,22,True,False,80.937,6,6.869608611992163,0.675442036135395,1.0446882122277286,True,partial,in_frame,yes,False,"Мог напутать с порядком, в частности с L5 и Th122",0.0,0.0,1.0,1.0,
den,1.2.643.5.1.13.13.12.2.77.8252.02001209000515050108060411111311,2.25.269648774413746842548908998641183395622,55,True,False,43.184,6,2.7042223442209994,0.6843924877023977,0.16207153735923274,True,in_frame,in_frame,yes,True,,1.0,0.0,1.0,1.0,
den,1.2.643.5.1.13.13.12.2.77.8252.04131510070001011107040403071102,2.25.124890633326693921702195356152595253940,33,True,False,26.888,6,3.6698771441569087,0.6944015822166592,1.2548875851670567,True,in_frame,in_frame,yes,False,,0.0,0.0,0.0,0.0,
den,1.2.643.5.1.13.13.12.2.77.8252.01081107130715100908030700130001,2.25.156375884487675936513403083218009333856,82,True,False,26.617,6,1.356427797433994,0.6884839625860701,2.5276938086264487,True,in_frame,in_frame,yes,False,,0.0,0.0,1.0,1.0,
den,1.2.643.5.1.13.13.12.2.77.8252.09030712140506070904071003000708,2.25.13566237352084812982996047541944701548,49,True,False,96.501,6,4.319880301658105,0.7092519742036782,0.9297747405630359,True,in_frame,in_frame,yes,False,,0.0,0.0,0.0,0.0,
den,1.2.643.5.1.13.13.12.2.77.8252.02050314081501100100131400110412,2.25.137344827330550141320158285144101816664,79,True,False,24.917,6,2.0727546029952375,0.6649180710417588,0.4252960805945414,True,partial,partial,yes,False,,0.0,0.0,0.0,0.0,
den,1.2.643.5.1.13.13.12.2.77.8252.07111115111305011108141412010801,2.25.12798473087614376830819854616447908612,70,True,False,16.286,6,2.8143419217581664,0.6822062236279357,1.3344109128940644,True,partial,partial,yes,False,,0.0,0.0,0.0,0.0,эндопротезирования ТБС
den,1.2.643.5.1.13.13.12.2.77.8252.05111111030105140803060510040613,2.25.65954778282254353457041255543338557112,15,True,False,23.705,6,0.4269823407256989,0.4729879131241861,0.6008962303089513,True,partial,partial,yes,False,,0.0,0.0,0.0,0.0,
den,1.2.643.5.1.13.13.12.2.77.8252.00121200081108110912041503010000,2.25.66397484472966116002950503539482860450,16,True,False,27.521,6,1.1248024887050225,0.6134477578480819,0.4742387991594196,True,partial,partial,yes,False,,0.0,0.0,0.0,0.0,
den,1.2.643.5.1.13.13.12.2.77.8252.06020510071406141308051102110806,2.25.167344201679287285499405412654740659745,45,True,False,20.202,6,2.2332845231724403,0.7006657714419816,1.1525896631626824,True,partial,partial,yes,False,,0.0,0.0,0.0,0.0,
den,1.2.643.5.1.13.13.12.2.77.8252.10041006131411151513070104110809,2.25.87718478011637131470224319788530286374,21,True,False,51.224,6,0.6811662294372851,0.5711311921120581,0.44187237007333735,True,partial,partial,yes,False,L4 и L5 трудно определить,0.0,0.0,0.0,0.0,
den,1.2.643.5.1.13.13.12.2.77.8252.08120904010605130814050710080508,2.25.103868781101960771917584077315578649178,64,True,False,23.964,6,3.601640985283234,0.7464832744081932,0.11193856392794421,True,in_frame,in_frame,yes,False,,0.0,0.0,0.0,0.0,сколиоз
den,1.2.643.5.1.13.13.12.2.77.8252.03050413050004110015050414021412,2.25.159930383074323525630608416881201447861,86,True,False,18.465,6,0.8225117021943018,0.5640226889171484,0.568830402771352,True,partial,partial,yes,False,,0.0,0.0,0.0,0.0,
den,1.2.643.5.1.13.13.12.2.77.8252.13090607110001000310151006050113,2.25.134456506307367483341018281460841912845,77,True,False,41.475,6,3.8252527418925646,0.7276424186228455,0.7583166635142224,True,partial,partial,yes,True,Скорее всего напутал с порядком,0.0,0.0,0.0,0.0,
den,1.2.643.5.1.13.13.12.2.77.8252.07130015011404020601141211131000,2.25.181196659018348153828200695057897449628,96,True,False,36.159,5,2.4868060428843837,0.7849192033850442,0.15832460192565545,True,in_frame,in_frame,cannot,True,,0.0,0.0,0.0,0.0,
den,1.2.643.5.1.13.13.12.2.77.8252.09071502150602001009041214040315,2.25.122446767306607067205618235949445789306,32,True,False,16.337,6,2.0471623867392847,0.6352915019362857,0.3775903747135041,True,partial,partial,yes,False,,0.0,0.0,0.0,0.0,
den,1.2.643.5.1.13.13.12.2.77.8252.13030903151515081500090603041412,2.25.11175860580562939441493697221497597640,66,True,False,21.18,6,1.8803843462067746,0.7031587940471997,2.367238358804191,True,in_frame,partial,yes,False,,0.0,0.0,1.0,1.0,правое бедро эндопротезирования
