sop_uid,study,study_n,fold,angle_chord_pred,angle_ls_pred,angle_robust_pred,max_dev_chord_pred,curvature_pred,n_points_pred,span_mm_pred,crest_left_state_pred,crest_right_state_pred,th12_half_visible_pred,angle_chord_true,angle_ls_true,angle_robust_true,max_dev_chord_true,curvature_true,n_points_true,span_mm_true,crest_left_state_true,crest_right_state_true,th12_half_visible_true,y_pos,y_axis
1.2.643.5.1.13.13.12.2.77.8252.07150612000412081110110102150004,1.2.840.113619.2.110.512719.20250407113211,26,0,37.71445818524155,12.335345508953003,-0.38526829162194626,79.06611387957723,96.37583946240326,5,142.565545803323,partial,partial,yes,0.11102144785075205,0.20148449779622957,0.10112041558954198,0.8528112396803623,1.2757922896702474,6,139.0095915357495,partial,partial,yes,0.0,0.0
1.2.643.5.1.13.13.12.2.77.8252.11011413051206050400150606100110,2.25.102965897799404973225419898683246248872,63,0,-7.6244721183036255,-14.173052189209864,-9.572252387534574,90.26012059807084,102.49013627503282,5,163.02545461669996,partial,partial,yes,3.29692771744286,3.4471834273203505,3.298468559698466,1.212967394410946,0.6961895361311652,6,162.22683511384477,partial,partial,yes,0.0,0.0
1.2.643.5.1.13.13.12.2.77.8252.10001500010311100907131007040004,2.25.114887542067602662452692698814728642117,31,0,18.90923267382212,19.834825276819107,18.912212838769644,117.98347932212141,94.74411432309664,5,194.34763232509124,partial,partial,yes,1.8517119246688603,1.1485538893959266,1.1485538893959286,4.667553037996531,6.169157782654378,6,146.65706419828825,partial,partial,yes,0.0,0.0
1.2.643.5.1.13.13.12.2.77.8252.04131510070001011107040403071102,2.25.124890633326693921702195356152595253940,33,0,32.956657586023596,31.13166110474524,32.92415659963133,29.519353586891533,54.37758658864242,5,160.31501506737612,in_frame,in_frame,yes,-4.394480586718848,-3.66987695750891,-2.6993172227885704,3.9827279263602215,2.8739978603337386,6,150.11232753482716,in_frame,in_frame,yes,0.0,0.0
1.2.643.5.1.13.13.12.2.77.8252.02030508140000071310150302011113,2.25.128197189461989832465575162384360009377,71,0,29.49601439634963,23.95521741534474,29.456256216170857,48.86392831739976,57.359367884575775,5,185.14617878406443,in_frame,in_frame,yes,-1.0021685512591487,-1.416664207902561,-1.4166642079025429,1.4294656226355986,0.011797837501960236,6,167.7537330723835,in_frame,in_frame,yes,0.0,0.0
1.2.643.5.1.13.13.12.2.77.8252.05100110120015150515030506140402,2.25.13069823278093578548407087310307113784,74,0,4.3390909287342785,4.294593215686312,4.341929859711011,0.5518488354312767,48.481080027308536,5,169.39500494753364,in_frame,in_frame,yes,0.995136640741699,0.908058137563079,0.9080581375630808,1.3365125236179571,1.3564455772201145,6,182.79510820365184,in_frame,in_frame,yes,0.0,0.0
1.2.643.5.1.13.13.12.2.77.8252.13090607110001000310151006050113,2.25.134456506307367483341018281460841912845,77,0,29.951196417143088,26.849493007962305,31.514915670758256,56.0363381796054,97.02493905914193,6,140.05886914487436,partial,partial,yes,3.3264755379401354,3.825253037551813,3.3507999625908167,3.0095974642096253,0.5951481134843949,6,145.7135475975601,partial,partial,yes,0.0,0.0
1.2.643.5.1.13.13.12.2.77.8252.09030712140506070904071003000708,2.25.13566237352084812982996047541944701548,49,0,0.20297145021813548,17.982704158411,0.1088492400354374,144.54824725616788,134.86750751619374,5,138.37916885785341,in_frame,in_frame,yes,2.9276393394020497,4.319879263053517,4.319879263053484,4.414923011896448,1.3342800894154645,6,144.97481353019052,in_frame,in_frame,yes,0.0,0.0
1.2.643.5.1.13.13.12.2.77.8252.03150209000513130305020013101408,2.25.144941557565802351596730914409170713112,80,0,30.546933599927012,43.74745775375596,30.55729949576666,84.76962274864209,65.6695187543295,5,61.38948647641988,partial,partial,yes,2.9403974617160387,2.2608741313063616,2.5668446631248476,4.205841514314277,2.223491739560712,6,168.48835098177605,partial,partial,yes,0.0,0.0
1.2.643.5.1.13.13.12.2.77.8252.09040703010601060814101313081104,2.25.158197739569377798130962967413133224194,42,0,12.755317765256407,2.228211403230369,15.412860826778472,87.82088659293248,102.6772189455006,5,131.52157703537202,partial,partial,yes,-2.0047326635243383,-2.2055763732332423,-2.1498487346892583,0.8714188925766775,1.2954987537947802,6,161.68711534617066,partial,partial,yes,0.0,0.0
1.2.643.5.1.13.13.12.2.77.8252.01120709131111081211081313110800,2.25.158646777318759504110695916200521633609,85,0,-32.3004306549765,-11.29683734140099,10.743357233463897,128.17095201814377,100.91674473419374,5,208.88578198504837,partial,partial,yes,0.5037927775458225,-0.48171656166984705,-0.4817165616698039,12.69399717784045,19.320602052147194,6,151.05572752685305,partial,partial,yes,0.0,0.0
1.2.643.5.1.13.13.12.2.77.8252.03120113151010021310000801051000,2.25.16773626720107440979805052259711419763,88,0,86.66045188246201,81.61516412017352,-28.75013352221941,1.8359185337571362,115.77064555930698,6,31.081009114659675,partial,partial,cannot,2.6469115138569723,2.4796773948239217,2.4733191301666833,2.647089820248321,4.362407978379915,5,139.01275218690827,partial,partial,cannot,0.0,0.0
1.2.643.5.1.13.13.12.2.77.8252.08131412000401011215150704040610,2.25.172445998420765569384934552191547932566,91,0,2.5887054050984446,-24.16022174866091,-41.51860418974888,18.5381580656592,119.22944924325945,5,22.794098061027213,partial,partial,yes,2.0923724464662765,2.5731615628172273,2.5731615628172486,5.182120185339185,5.347333746023931,6,159.70906331866883,partial,partial,yes,0.0,0.0
1.2.643.5.1.13.13.12.2.77.8252.10151201011509101414030411060512,2.25.177745077805190810016231350557005569203,48,0,20.464889090667473,19.820404557830194,21.052746350462815,18.857892329497297,90.37145051725042,5,202.03647551577566,in_frame,in_frame,cannot,1.3504260861705137,1.4526129054767174,1.4526129054767056,4.427748210274456,7.4281804204197615,5,137.37883003313465,in_frame,in_frame,cannot,0.0,0.0
1.2.643.5.1.13.13.12.2.77.8252.03010603150012061509030005111300,2.25.220866240977467582196609708837940253840,52,0,-16.164892949006138,-18.28660197014319,-16.471007845500864,83.25509721173374,80.74946030703697,5,195.91546234730058,partial,partial,yes,9.001756190033275,9.436963260424816,9.35370673660357,2.8515416488266485,4.299523160950977,6,165.01909814974982,partial,partial,yes,0.0,1.0
1.2.643.5.1.13.13.12.2.77.8252.07020101080211090714060800071015,2.25.272690031744216183651627058502316132741,57,0,9.685692655713645,6.730227355976252,8.065518988715592,39.81570754228109,47.18518539053272,5,186.10973374282253,partial,partial,yes,-4.813068688352282,-5.318543385317792,-5.318543385317834,3.650833733385491,4.717080663167496,6,142.79301501959554,partial,partial,yes,0.0,0.0
1.2.643.5.1.13.13.12.2.77.8252.06061007030610120805010913100711,2.25.322202456901330781765399791024580391565,62,0,40.968506447106705,31.46295409846656,40.9708289073251,133.49722843177253,73.78179883762267,5,225.87826004747882,partial,partial,cannot,-4.011701546107105,-3.928438358827475,-3.9284383588274694,12.663823022531343,21.960229014406202,5,130.8969939004593,partial,partial,cannot,0.0,0.0
1.2.643.5.1.13.13.12.2.77.8252.05001409080504151204111500000514,2.25.37515662379281069436632838996073181551,8,0,-23.701176576284553,-25.469315307603154,-24.02253059475109,10.916133248491306,89.52919910024612,5,109.58188219048951,partial,partial,yes,6.266215586867399,6.573875843413903,6.523972000996776,2.87459690088807,4.870209095777364,6,145.59187762259256,partial,partial,yes,0.0,1.0
1.2.643.5.1.13.13.12.2.77.8252.00121200081108110912041503010000,2.25.66397484472966116002950503539482860450,16,0,0.16293632770240704,0.1674446250380393,0.16374590648445211,0.026712437393520264,17.078036935463434,5,189.24993905001142,partial,partial,yes,1.3309373525561798,1.1248022381699418,0.8598169582017874,1.7798412414953648,0.5797506976421007,6,164.7343396330185,partial,partial,yes,0.0,0.0
1.2.643.5.1.13.13.12.2.77.8252.07120905081404061009060805020905,2.25.91981043841368764114007975581101713077,23,0,-44.72227876090214,-43.93828813683818,-44.80045109149923,92.1644443423989,72.73743918798546,5,266.27717431098625,partial,partial,cannot,0.9560824935688967,1.1508791557800535,1.1510835301201456,4.331588242830176,6.48581057862161,5,152.91752775082819,partial,partial,cannot,1.0,0.0
1.2.643.5.1.13.13.12.2.77.8252.15090515141309140806011408041204,2.25.112621744005021908434051268014787122937,30,1,-19.642396379676175,-11.567972457253576,-11.567972457253564,34.43254744559065,39.268972251245295,6,181.49750805809043,,,cannot,,,,,,0,,,,cannot,0.0,0.0
1.2.643.5.1.13.13.12.2.77.8252.10031005061115110908060312000307,2.25.126293418391331346694592071563510265596,69,1,21.445683039492053,11.85074143574946,20.08399968340804,103.67008704469559,26.657548769052873,6,203.243359773501,in_frame,in_frame,yes,0.9453836357673936,0.5189393674379988,0.5201212668313838,1.3445837937894418,0.43047047343288025,6,142.26226574994078,in_frame,in_frame,yes,0.0,0.0
1.2.643.5.1.13.13.12.2.77.8252.15080409060108110106110204020115,2.25.132083163398091874662674590622589534350,75,1,0.4463130450146628,2.562200314856729,3.3283441869263557,42.83293174964642,37.09764778107879,6,122.23402219774457,partial,partial,yes,6.908619962982233,7.148508662956395,7.094865749988332,2.1795337824497487,1.2697862804850035,6,172.36175216077473,partial,partial,yes,0.0,0.0
1.2.643.5.1.13.13.12.2.77.8252.12060607091105150404131215110908,2.25.135241889065705954191821710363605596815,78,1,13.288504156751333,12.685806618856514,12.784623949891563,27.25533660647345,5.132159818810931,6,211.61641204069232,in_frame,in_frame,yes,1.4542667395527398,0.9782785498636994,1.268121841373092,2.005498192541127,0.7433282163442874,6,170.21964332052943,in_frame,in_frame,yes,0.0,0.0
1.2.643.5.1.13.13.12.2.77.8252.07080813110202150000000512100700,2.25.13983650679559142983913935144968795415,39,1,-29.77357620750768,-28.95718526382525,-30.07024295479632,29.056122524687915,110.18815405137894,6,205.907626194872,in_frame,in_frame,yes,0.5858132419134746,0.7809373932036072,0.7809373932035965,0.8751804450827627,1.0714110384007651,6,156.97363961964686,in_frame,in_frame,yes,0.0,0.0
1.2.643.5.1.13.13.12.2.77.8252.01120104060301100213100004141203,2.25.165091430504580219034019815337441064349,44,1,-85.8637079466373,-75.48888137636347,-84.86895089587838,4.878295431399803,164.36318383791365,6,58.249862121629405,partial,partial,yes,-3.8144548173550805,-4.086017833907829,-4.08601783390784,4.817307629663489,7.204055469636426,6,159.72082199325462,partial,partial,yes,0.0,0.0
1.2.643.5.1.13.13.12.2.77.8252.06020510071406141308051102110806,2.25.167344201679287285499405412654740659745,45,1,-11.339677166935473,-15.385822757454031,-11.528574572115605,60.762252909671545,120.03191223699187,6,162.49908337796515,partial,partial,yes,-1.7528739416771184,-2.233282860665684,-2.1880234852205405,4.4798952019773415,3.40958359921586,6,150.2030968876761,partial,partial,yes,0.0,0.0
1.2.643.5.1.13.13.12.2.77.8252.03020907090204060013031106111312,2.25.169242707068684757906797344800977707240,90,1,-4.048362538528401,-14.406727013929775,-2.360905142951318,43.53136508171506,69.31601374864998,6,93.00752289330693,in_frame,in_frame,yes,-1.3704992036093928,-1.9324840083785326,-2.5219254645998777,5.300211483247093,6.014835459695422,6,143.37764873015686,in_frame,in_frame,yes,0.0,0.0
1.2.643.5.1.13.13.12.2.77.8252.12071204070300150506091512141413,2.25.175903805423871105435148927871625232853,94,1,4.140631637546069,7.33273491462898,7.332734914628982,44.04740119514075,31.44942466702114,6,177.51372272560187,in_frame,in_frame,yes,0.5083051191326199,0.6425282374307854,0.46476500072571036,1.7320094937599626,0.036715263821807495,6,164.32054935694495,in_frame,in_frame,yes,0.0,0.0
1.2.643.5.1.13.13.12.2.77.8252.14110604050810020100071004090404,2.25.178533355209696795441380751187185128893,95,1,-31.50641386353144,-31.812062189367232,-31.812062189367197,83.93224004460188,88.05922281156363,6,155.47682520587458,in_frame,in_frame,yes,6.223479985904869,6.878151949329859,7.438764273943711,2.952969047711228,2.1175749647298354,6,170.51099106144795,in_frame,in_frame,yes,0.0,0.0
1.2.643.5.1.13.13.12.2.77.8252.11100109131006120600020910050910,2.25.190331309633057244929837507901317950031,99,1,14.412485828820028,-0.6566976495312199,2.448105630939884,168.4357809482857,85.41586524908601,6,195.99773773495903,partial,partial,yes,2.5298452466526746,2.9158153484852107,3.064126486231337,5.801545325974662,9.096973230776753,6,146.6991463569715,partial,partial,yes,0.0,1.0
1.2.643.5.1.13.13.12.2.77.8252.04000404020304020301120408100801,2.25.190807933410234695931591553323782771995,100,1,-11.064684204832846,-2.9555907096226948,-6.004762109948853,129.04047994904715,92.7097283186761,6,160.1339711152434,partial,partial,yes,0.4273196060638354,-0.3286061112743603,-1.2749942557152043,3.8975844907536596,1.1828769918053377,6,157.36056948935732,partial,partial,yes,0.0,0.0
1.2.643.5.1.13.13.12.2.77.8252.06030210110500061108030910090908,2.25.247714038039430659432048101646401574824,54,1,1.4929305136704507,-10.479357259951495,2.7036523783661544,127.9551638246442,29.47300196819389,6,188.08251048029084,partial,partial,yes,1.5992982520458787,1.456656907975186,1.2723805758969864,1.016551832060241,1.8918377679463028,6,135.80342954218628,partial,partial,yes,0.0,0.0
1.2.643.5.1.13.13.12.2.77.8252.02001209000515050108060411111311,2.25.269648774413746842548908998641183395622,55,1,9.474722218968042,19.36980518042982,19.187936155481363,29.794062748058906,105.42072900568776,6,168.44565867819344,in_frame,in_frame,yes,2.7096651390611393,2.7042213975409304,2.7387221834805127,0.8960538180317348,1.3809708319394762,6,155.15895074424748,in_frame,in_frame,yes,0.0,1.0
1.2.643.5.1.13.13.12.2.77.8252.12021011000615031102060001101203,2.25.29638026465755240167985424461715024381,61,1,-12.160273009088597,-20.25175674934561,-20.251756749345592,106.87468670396308,128.3926462566638,6,191.84042392211185,out_of_frame,out_of_frame,yes,2.431592449288588,2.571858432870421,2.571858432870425,1.8786137538234793,3.338279361670159,5,130.56764568980765,out_of_frame,out_of_frame,yes,1.0,0.0
1.2.643.5.1.13.13.12.2.77.8252.02031401091510001200041308031003,2.25.48906424954135283790354958243772558962,10,1,52.26642971951775,51.89391919636883,51.89391919636883,46.43991956826773,14.42013771023608,6,236.97393829406678,partial,partial,yes,2.6422459944879315,3.104566300606929,2.769794196223469,2.149077863319393,0.5721420096433267,6,140.46273292219408,partial,partial,yes,0.0,0.0
1.2.643.5.1.13.13.12.2.77.8252.02060605151213121009151302130207,2.25.54396839637320114639948764487283877793,13,1,-14.966999434796339,-18.66458798996245,-12.256131989437678,52.702674277106354,122.39952664150915,6,153.34859520599568,,,cannot,,,,,,0,,,,cannot,0.0,0.0
1.2.643.5.1.13.13.12.2.77.8252.05111111030105140803060510040613,2.25.65954778282254353457041255543338557112,15,1,0.002621543605499233,-17.416968593379746,-13.638602378469061,170.44523247877203,136.778562987256,6,159.67604155660467,partial,partial,yes,-0.11036390951980146,0.426981705440993,-0.039718750792362686,2.8911881463313023,0.2879526113298713,6,152.79920825470205,partial,partial,yes,0.0,0.0
1.2.643.5.1.13.13.12.2.77.8252.06151311061015011100110511080701,2.25.76710355977373089612172037086913478687,18,1,3.627170482681512,15.48879249480054,21.73806834746362,60.67521291419688,61.53425426763003,6,189.04593558347398,in_frame,in_frame,no,-3.1009815661197333,-3.2118582916641962,-3.211858291664183,0.6942635438390566,0.590411007115561,6,157.78636981814185,in_frame,in_frame,no,0.0,0.0
1.2.643.5.1.13.13.12.2.77.8252.11011500050713141305050211140308,2.25.78999454687125053757525542837745968726,19,1,24.501473407517643,24.139996450770372,24.13999645077038,37.3957275795423,39.53690187072704,6,208.5632191032704,in_frame,in_frame,cannot,2.9191120835768576,2.5906239247180354,2.794278088108226,1.365035982835714,0.10010581517373231,5,138.709746356947,in_frame,in_frame,cannot,0.0,0.0
1.2.643.5.1.13.13.12.2.77.8252.14031015091008031013040205110915,1.2.840.113619.2.110.512719.20250403090444,24,2,-26.516445098771662,-21.925657986009448,-21.925657986009433,80.66724097119587,112.86867914453362,6,197.40594691560042,partial,partial,yes,0.4088404547748704,0.9067485219655308,1.0468256796418276,2.3075878463286075,1.3705705255879328,6,149.9449882660736,partial,partial,yes,0.0,0.0
1.2.643.5.1.13.13.12.2.77.8252.14131410040814100713070401091213,2.25.10245777060263212829333021434108890537,27,2,0.6269254244918273,1.7542435883716,0.69259729005577,0.5424718480407182,3.8225073453649236,6,5.990509235598617,in_frame,in_frame,yes,-2.176827089169885,-2.736588534862047,-2.4041210756141167,2.3733783761917953,2.3590992747980466,6,162.72641306022575,in_frame,in_frame,yes,0.0,0.0
1.2.643.5.1.13.13.12.2.77.8252.10030113050111051002020402141304,2.25.102755089973625799055786462646268820450,28,2,-42.43340499219795,-56.11008237612252,-43.895888331276005,0.7463680826261199,80.48354645699875,6,1.3109844262615329,partial,in_frame,yes,-6.2887457752117175,-6.80816608226952,-6.808166082269517,5.438763274157069,8.499592623940847,6,155.20334235218212,partial,in_frame,yes,0.0,1.0
1.2.643.5.1.13.13.12.2.77.8252.08120904010605130814050710080508,2.25.103868781101960771917584077315578649178,64,2,72.72401848065398,73.35620074993665,73.15681486452118,13.120959419529733,28.064035026679402,6,116.5953789207004,in_frame,in_frame,yes,-3.547721280228757,-3.601641091414277,-3.581466736621414,0.7077172766465301,1.1721842412306638,6,142.64993242911817,in_frame,in_frame,yes,0.0,0.0
1.2.643.5.1.13.13.12.2.77.8252.00071307071102020311080215100104,2.25.105033841136787477881326326053319223817,65,2,39.243280294503336,39.48821925683754,39.536335164650204,1.4760861845116302,124.87821823920672,6,243.04657777139437,partial,in_frame,yes,6.252389444394731,6.225346499010884,6.199343222852785,1.5624124357300093,2.4632881373753563,6,145.93785043807227,partial,in_frame,yes,0.0,0.0
1.2.643.5.1.13.13.12.2.77.8252.14031513011512070711151413071213,2.25.108537195937431169718850276671337677972,29,2,25.657996778338838,25.18526558306794,23.285781775085646,37.83457242995031,48.25499923929366,6,153.88564188407892,in_frame,in_frame,yes,0.9079580896555153,1.4520002613210115,1.4520002613210115,7.892524890604458,11.524348961135216,6,160.3626430652261,in_frame,in_frame,yes,0.0,0.0
1.2.643.5.1.13.13.12.2.77.8252.09070705131210061514041509120513,2.25.128630285053087246379265602913470285158,36,2,41.7757630015313,41.88179936834584,41.88179936834583,1.0211411612130363,42.07567566951605,6,231.20850423844533,partial,partial,yes,2.6366696436371626,3.040489491697604,3.040489491697623,3.6208112963191788,5.2609870357611195,6,163.73677156426004,partial,partial,yes,0.0,0.0
1.2.643.5.1.13.13.12.2.77.8252.04071014120313000711051010091409,2.25.128990540359421489042453547244535073735,72,2,70.26584352190893,70.62188946739529,70.29759914198188,2.3751510136588623,71.21092727553516,6,130.0880789750618,partial,out_of_frame,yes,-2.916400766838218,-2.631974421036554,-2.7321667969972916,5.732004451801961,10.03818400319493,6,133.89070517598995,partial,out_of_frame,yes,1.0,0.0
1.2.643.5.1.13.13.12.2.77.8252.07151108041411120004040810151209,2.25.132272637351979990811754009849547633391,37,2,-66.35887763888425,-60.97999689262717,-67.36773529524066,3.585455565932455,47.79689096620473,6,14.200722915480847,partial,partial,yes,7.684543806690623,8.954498330751568,8.776175151752968,7.550344174890154,3.3450038699483566,6,148.02859619121367,partial,partial,yes,0.0,0.0
1.2.643.5.1.13.13.12.2.77.8252.14070208080209001506081402060503,2.25.13325817932854000792938662637654885530,76,2,18.69113417557492,-1.4791293047807825,-1.4791293047807916,150.4775627827354,115.06361146484981,6,193.9085261401127,in_frame,in_frame,yes,3.408218362662797,3.7296486005264127,3.7296486005264047,6.47653559301338,9.707069415476223,6,157.93187404295526,in_frame,in_frame,yes,0.0,0.0
1.2.643.5.1.13.13.12.2.77.8252.02050314081501100100131400110412,2.25.137344827330550141320158285144101816664,79,2,-61.50378528048503,42.92736577476171,54.3819864908594,43.44898920927364,143.60947985251175,6,60.73014253806584,partial,partial,yes,1.973499858778199,1.8885721674392715,1.6205740611622148,1.316188143830084,1.2708217051751933,6,156.97438817615497,partial,partial,yes,0.0,0.0
1.2.643.5.1.13.13.12.2.77.8252.01081107130715100908030700130001,2.25.156375884487675936513403083218009333856,82,2,66.33131057909247,66.85567510969432,66.79969877508847,1.8275754747300514,66.73712415593737,6,127.0647893392506,in_frame,in_frame,yes,-0.8103501388498605,-1.3564283841352058,-1.35642838413523,8.750996944366122,11.056467708556422,6,145.2208199014757,in_frame,in_frame,yes,0.0,0.0
1.2.643.5.1.13.13.12.2.77.8252.05130006080703150808130311150104,2.25.165355673991587715046346525964554729786,87,2,75.4043990349523,75.72371662574359,75.4774464982745,2.4207345186760185,76.3265871039655,6,148.92899762357558,in_frame,in_frame,yes,0.9843513528500565,1.1243019492303445,1.0090356877940596,0.7922650040317436,0.037224564852042195,6,136.63262092166784,in_frame,in_frame,yes,0.0,0.0
1.2.643.5.1.13.13.12.2.77.8252.07130015011404020601141211131000,2.25.181196659018348153828200695057897449628,96,2,-47.81928650675969,88.40561396787365,88.89460344431237,108.73157948833396,178.72415822790708,6,5.246829464881442,in_frame,in_frame,cannot,2.5384243530825263,2.4868065050466246,2.4895403121499102,1.1131650716718793,1.8428398565193138,5,138.5434358538485,in_frame,in_frame,cannot,0.0,0.0
1.2.643.5.1.13.13.12.2.77.8252.04131001000110131311121304090609,2.25.217397325224876728316360420804118329081,51,2,0.32820003080969934,0.32884349404662055,0.3360114909487073,0.011183701050841693,0.5021870393222995,6,9.497784958440766,in_frame,in_frame,cannot,4.550149547007438,4.727085936598451,4.61431070944251,0.6790579027785606,0.49416917596619425,5,126.1445466636819,in_frame,in_frame,cannot,0.0,0.0
1.2.643.5.1.13.13.12.2.77.8252.00080112010710030607090609070409,2.25.276415754443998872860614500027519740375,58,2,-8.936895499809587,-15.816059899044474,-18.15821096400506,3.04157250632557,81.05871552823757,6,12.314573073223752,in_frame,partial,yes,4.162444266872113,5.702546254419325,5.702546254419322,4.01613203318501,4.619979207559214,6,159.56073503695757,in_frame,partial,yes,0.0,0.0
1.2.643.5.1.13.13.12.2.77.8252.05140704131104071313121101000313,2.25.306921081709806079165809721263236241032,1,2,-19.290510456403815,2.7940888588735153,0.9732567725910579,54.37940400166289,41.059739413036986,6,89.03674538247645,partial,partial,yes,0.10623873404662722,-0.08524201195161434,-0.07982862272500792,1.0378304299121395,1.5646495127218805,6,156.24870051005269,partial,partial,yes,0.0,0.0
1.2.643.5.1.13.13.12.2.77.8252.13110108131113110013070512051310,2.25.338439598607961312040815816824093323492,5,2,64.02023604341859,65.40050645465196,65.15372807214824,10.975988071694054,47.783241798667866,6,145.1444116170041,in_frame,in_frame,yes,2.959099499549309,3.2675627933553217,3.2675627933553297,12.330136280358905,18.9947806898661,6,147.7740236978376,in_frame,in_frame,yes,0.0,0.0
1.2.643.5.1.13.13.12.2.77.8252.07150604010711031305090702140107,2.25.73070100851377917031356937075051545239,17,2,-24.700774042840756,-25.913205597429588,-26.12034419439636,5.569727832694423,39.04760442565702,6,142.6772662846461,partial,partial,yes,5.281009381354418,5.146150498223519,5.10851760433087,1.0608755555533367,0.14917685312997683,6,150.0771508175417,partial,partial,yes,0.0,1.0
1.2.643.5.1.13.13.12.2.77.8252.10041006131411151513070104110809,2.25.87718478011637131470224319788530286374,21,2,-33.88219416993716,-42.78656694511495,-33.87961997741392,62.3371683748079,41.63940034738459,6,166.54320889937023,partial,partial,yes,-0.5301582200494104,-0.6811668735059581,-0.6811668735059718,1.3273917234009742,0.10385725965161907,6,144.54406854674585,partial,partial,yes,0.0,0.0
1.2.643.5.1.13.13.12.2.77.8252.09050515110402090102050206010406,1.2.840.113619.2.110.512719.20250403092052,25,3,36.222970684555115,39.03376171642471,39.00851225086528,23.679449017021856,42.49553038569537,6,225.28048798451786,partial,in_frame,yes,2.14183152439355,2.0270234245672154,2.023878721298993,1.4782367439394044,2.1322485821175974,6,149.63346587731138,partial,in_frame,yes,0.0,0.0
1.2.643.5.1.13.13.12.2.77.8252.05150512091506110304120408070606,2.25.116822802042655971810859435524105064465,67,3,21.382676661642474,21.622869275369936,21.33815728048283,67.63725100220039,70.39279377781274,6,193.50773505268592,partial,partial,yes,-0.26081657846854733,0.31849702632206317,0.6973583012496415,3.9419743772108875,8.240233131101988,6,129.31561471891453,partial,partial,yes,0.0,0.0
1.2.643.5.1.13.13.12.2.77.8252.09071502150602001009041214040315,2.25.122446767306607067205618235949445789306,32,3,-30.640963191274558,-49.11523315819811,-49.115233158197974,42.68493808964424,166.36831833161042,6,11.66553220651262,partial,partial,yes,2.190599600339661,2.1667140342651376,2.166714034265147,2.4657638611808546,1.964411232776533,6,165.55406972071012,partial,partial,yes,0.0,0.0
1.2.643.5.1.13.13.12.2.77.8252.06141210040207130507130606070312,2.25.125521310320333648427417313254965624364,34,3,-0.9859538626084732,-7.3872170447822265,-10.746195627959924,28.165868722139574,96.90631481108313,6,164.8144726834226,out_of_frame,out_of_frame,yes,0.7449843285626778,0.0902549618090793,0.0902549618090415,3.0240609578018502,3.2236543826184985,5,131.0538436580849,out_of_frame,out_of_frame,yes,1.0,0.0
1.2.643.5.1.13.13.12.2.77.8252.14080500031007021314121106040303,2.25.127126130998341190348103034690069487890,35,3,-83.27016197754197,29.112277340875302,80.3182341395077,6.089820688231429,170.1788372137966,6,34.8650701474661,in_frame,in_frame,yes,2.9982549755926695,3.088327194834562,3.509695029753283,4.073556607333467,5.675864153615097,6,173.8929084169327,in_frame,in_frame,yes,0.0,1.0
1.2.643.5.1.13.13.12.2.77.8252.05060902130204131205041207051405,2.25.137675513852774974135210999345676405116,38,3,18.081262246447842,16.676989017841827,18.01036867032937,15.49744242709676,45.50611323348285,6,197.84518566894798,partial,partial,yes,1.8219881139685579,2.328440931814533,2.328440931814541,1.2413404775418837,0.9745358653149208,6,147.65164489479417,partial,partial,yes,0.0,0.0
1.2.643.5.1.13.13.12.2.77.8252.07040802010906150312000007110303,2.25.145848300160680194368420189079847088556,40,3,-79.88459768167446,-78.90595020995436,-79.7260850814476,3.1875285950439247,30.658848677848173,6,39.966214613846205,in_frame,in_frame,yes,4.53322926873469,4.448961747732863,4.55546383339749,5.829909747531831,8.38729164436171,6,138.75817744515575,in_frame,in_frame,yes,0.0,0.0
1.2.643.5.1.13.13.12.2.77.8252.07051313070907070603030815070904,2.25.151186844055172005615813066162721550889,41,3,9.231809453623837,-15.220551049293913,-12.865202044978625,175.09352902645,50.9607148725084,6,200.2306450401679,in_frame,in_frame,cannot,-1.7185351454260176,-1.7018992560521717,-1.7018992560522097,3.0140751849399834,4.666848158412177,5,148.02098214587664,in_frame,in_frame,cannot,0.0,0.0
1.2.643.5.1.13.13.12.2.77.8252.12071112070710000412111310090807,2.25.156389075510671877606923458507011517218,83,3,-81.05381440060341,-80.1439834780729,-80.14398347807293,2.6825472574959486,8.749042793334517,6,82.58694091015145,in_frame,in_frame,yes,0.30718783619821666,0.11716390821685524,0.11716390821685276,2.898400850752656,4.668739528466309,6,149.6731636334307,in_frame,in_frame,yes,0.0,0.0
1.2.643.5.1.13.13.12.2.77.8252.15011410150513090204040606151204,2.25.157462338378550185821790046400986801350,84,3,-75.03704927812409,-80.13842328277335,-69.85580136650736,8.087749432388605,43.52599541182726,6,14.557871789899213,partial,partial,yes,-0.6268061649607796,-0.9514983344354659,-0.9656321496422346,5.225344734681034,5.933860052943397,6,146.70798395920832,partial,partial,yes,0.0,0.0
1.2.643.5.1.13.13.12.2.77.8252.03050413050004110015050414021412,2.25.159930383074323525630608416881201447861,86,3,-84.52014975651866,-83.93594474332262,-82.97379515237058,2.3497458804413083,27.219260131572344,6,40.551343122773176,partial,partial,yes,0.18846625241431764,0.7629107079222144,0.7527589077276143,2.755310527773667,0.07755262945913083,6,162.63977196322094,partial,partial,yes,0.0,0.0
1.2.643.5.1.13.13.12.2.77.8252.14030405080503070005090010011210,2.25.168317503020329569414190677927680518621,89,3,-41.03673119754162,-42.32099632293987,-42.59630893169643,0.8327194920544755,50.076128518013775,6,11.290109079345125,in_frame,partial,yes,1.887268656508399,1.1369782594345323,1.1369782594345301,2.7008243581040827,0.38536006250813076,6,152.86034595696114,in_frame,partial,yes,0.0,0.0
1.2.643.5.1.13.13.12.2.77.8252.04151306060901060605121400081206,2.25.184198356665635336833172191504278054074,97,3,7.7365774606414766,-1.3511723511734868,-3.5317281986506943,41.67405278368913,94.97346476104518,6,180.7202628949384,in_frame,in_frame,yes,-1.69289631950636,-1.7701243833181068,-2.1313114422159796,3.1904849067105423,3.127143348517967,6,145.8738482505116,in_frame,in_frame,yes,0.0,0.0
1.2.643.5.1.13.13.12.2.77.8252.11081308031311040302130506061304,2.25.269742577365511543488820993979123763373,56,3,44.723244680656215,34.75276183371436,34.752761833714366,77.29138118002467,14.622802950762672,6,263.8292593308185,partial,partial,yes,7.589564699412312,8.292318230778728,7.9578324824170545,2.8331625722430673,1.4596818293315375,6,143.48585806394283,partial,partial,yes,0.0,0.0
1.2.643.5.1.13.13.12.2.77.8252.07090609050707040704081509101500,2.25.277752758923974029595977676354128739670,59,3,-83.91582032904866,-83.28082730975432,-83.32230597277446,3.443511841205561,19.20941447083723,6,62.298715980880516,in_frame,in_frame,yes,1.3201745811426695,1.6666185463727239,1.6638629040461415,1.7797452574864998,2.7762960384937876,6,154.56751969938014,in_frame,in_frame,yes,0.0,0.0
1.2.643.5.1.13.13.12.2.77.8252.10011315050807060809100706050011,2.25.307021710202910067378603383388989711646,2,3,41.85432833308896,37.010682087423405,41.84303905439933,70.990938812461,46.497880725132944,6,254.15171584103862,partial,partial,yes,0.22874784271206852,0.30790687636448416,0.20864957974747506,1.7007026408539965,2.7796689129464074,6,147.44916502927666,partial,partial,yes,0.0,0.0
1.2.643.5.1.13.13.12.2.77.8252.03121103130007121510030803050514,2.25.309085571913348252136520206003694446566,3,3,7.740004502338857,19.753422646351986,19.75342264635192,19.194723085945206,116.48065204127496,6,34.913240304065255,in_frame,in_frame,yes,-1.1364859196249877,-1.7925989532238062,-1.7925989532238464,6.231642023378064,9.991964056951302,6,146.29607837608827,in_frame,in_frame,yes,0.0,1.0
1.2.643.5.1.13.13.12.2.77.8252.02030504060005060505040905021305,2.25.52982400970721161435951723390541696819,12,3,-12.47483348041369,-11.336501607321237,-12.116955238583671,11.988998954197214,62.847906970307235,6,169.1588964421039,out_of_frame,out_of_frame,yes,1.9805370434709555,2.2932249247229524,3.0016570662292454,2.4223840077987733,2.2485097501047813,6,161.30496190665215,out_of_frame,out_of_frame,yes,1.0,0.0
1.2.643.5.1.13.13.12.2.77.8252.07101010011513020401030213080905,2.25.59542620917302828428419211045951914336,14,3,1.1345846912715478,39.93040727243151,-0.2771514620342832,1.0589638209056556,153.9629795065147,6,0.5146127957688648,partial,partial,yes,0.7078048201305319,0.6862721734079856,0.6862721734080054,3.464088625152462,4.957473991859624,6,165.21011008306684,partial,partial,yes,0.0,0.0
1.2.643.5.1.13.13.12.2.77.8252.15001111061311011106030303001309,2.25.82912555346523716720160717883917565880,20,3,-66.76622856709997,-68.77028719013573,-66.52506696979249,4.105373666067577,159.7258618232289,6,32.658006781480076,partial,partial,yes,2.3013918269879374,1.8283567838297503,2.1733306776688295,2.449906099785105,0.6119760095173469,6,147.56140179824345,partial,partial,yes,0.0,0.0
1.2.643.5.1.13.13.12.2.77.8252.13030903151515081500090603041412,2.25.11175860580562939441493697221497597640,66,4,-15.499414475556241,5.420082859921525,43.09053083860167,146.39724821642068,113.84191768205007,6,187.8333074470962,in_frame,partial,yes,1.4330762706492621,1.829142461935925,1.8291424619359462,8.466297069666625,13.480598588261568,6,151.5520722935199,in_frame,partial,yes,0.0,0.0
1.2.643.5.1.13.13.12.2.77.8252.12031311070507060813050800031313,2.25.123175695355749859846173904788591707879,68,4,-44.180138125770206,-39.9756938681053,-39.97569386810528,73.32158088332376,61.417429791091,6,248.96957829299308,partial,partial,yes,-1.4400697848871464,-1.5182430716085773,-1.5182430716085424,6.01242831337524,10.18605796612065,6,138.36782453431186,partial,partial,yes,0.0,0.0
1.2.643.5.1.13.13.12.2.77.8252.07111115111305011108141412010801,2.25.12798473087614376830819854616447908612,70,4,0.02145756373576885,25.584937514159094,51.58014934786572,167.99054276812979,125.16188235937126,6,181.6850748362032,partial,partial,yes,2.8018301817777873,2.8143403774982545,2.814340377498246,5.796864915782234,6.148005163628652,6,156.55337192797668,partial,partial,yes,0.0,0.0
1.2.643.5.1.13.13.12.2.77.8252.10070914150303091307080902000612,2.25.156021661584944120526934974594604520993,81,4,-44.69981379753581,-20.158149660421067,-20.158149660421046,108.41682239407214,60.603976604132846,6,263.77290216408613,in_frame,in_frame,yes,1.649824590025316,2.8936932571457774,2.893693257145745,4.987222891184136,1.9477360271503326,6,162.02551082913712,in_frame,in_frame,yes,0.0,0.0
1.2.643.5.1.13.13.12.2.77.8252.02030112081401101404040904010405,2.25.164566280810634620154538016595892212884,43,4,-32.652312373643205,-2.0063331407398874,-2.0063331407398994,117.07238976099407,84.25930271240543,6,212.04482327404588,out_of_frame,out_of_frame,yes,2.397265665446827,2.7856924671838184,2.634518297358803,1.4364442547691993,0.28698732772207614,5,127.01450953324577,out_of_frame,out_of_frame,yes,1.0,0.0
1.2.643.5.1.13.13.12.2.77.8252.01091510011014070612050311031410,2.25.173731186748227489808861376513577450951,92,4,-24.970565802142197,-23.387323063095582,-24.865131182248106,16.245170901908967,57.73073178014711,6,197.70178196750152,in_frame,in_frame,no,-2.410326884369386,-2.6035246774668073,-2.603524677466825,1.6455077111711465,2.7214791749444944,6,146.28829178890288,in_frame,in_frame,no,0.0,0.0
1.2.643.5.1.13.13.12.2.77.8252.15000310101315070007100105150401,2.25.173753313169335820519632380691065649420,46,4,-44.63622297966851,-29.859754754266344,-44.66091396905426,120.64369753308269,84.4859851744601,6,266.733862020122,in_frame,in_frame,no,5.21200322426619,5.816360454223423,5.806913791434056,2.8315627017285703,2.7026064980284854,6,155.52288090855387,in_frame,in_frame,no,0.0,1.0
1.2.643.5.1.13.13.12.2.77.8252.14060403060314010506081209070311,2.25.175881661753775295785039265792986971602,93,4,-6.295460593119035,8.57027432162248,8.570274321622481,165.45607849564558,123.90757943413912,6,188.64467243035756,partial,in_frame,no,-4.214437225032155,-4.008006392406994,-4.094653261646677,1.6553987637763319,1.0326343854222715,5,137.547062062592,partial,in_frame,no,0.0,0.0
1.2.643.5.1.13.13.12.2.77.8252.03050114141207061001080502130215,2.25.17706555930735581384953296958427669848,47,4,-44.700590946709845,-1.3416000912195185,-2.3313948833197817,98.61139470325588,72.66978931533001,6,251.20065041498478,partial,partial,yes,3.6419184591661984,4.031784299581391,4.031784299581412,5.748934172695695,8.891491974345941,6,150.54903317077154,partial,partial,yes,0.0,0.0
1.2.643.5.1.13.13.12.2.77.8252.04100315041404021215101114140602,2.25.186201010600484120326273381077449377115,98,4,-77.81553543130248,-0.5040070877548996,54.16969489090922,12.662972426751704,145.04365988956582,6,47.36447572813982,in_frame,in_frame,yes,2.5813336355027405,3.045963920313824,2.6976429508464186,4.5040469377155175,2.8196387154933484,6,168.3129901771759,in_frame,in_frame,yes,0.0,0.0
1.2.643.5.1.13.13.12.2.77.8252.13140203110104081414101201001405,2.25.215177279960644564778148238928738915103,50,4,-28.54857599282509,-25.517454879661365,-28.54958385748573,29.45091270149689,21.27375880398928,6,204.0529113268838,partial,in_frame,yes,2.7747358243506497,2.8115039614131274,2.811503961413126,0.27826330762738555,0.47915062481637266,6,138.81555773598714,partial,in_frame,yes,0.0,0.0
1.2.643.5.1.13.13.12.2.77.8252.10051211011505050506141504040101,2.25.234651502352368356456298825489565282446,53,4,-31.23393110017393,-24.388050032018803,-24.38805003201881,89.76330230640993,129.6397861649408,6,108.5811546578298,partial,partial,yes,2.22164159843626,2.567113385521909,2.5671133855218744,5.739467598644804,8.528397497703393,6,159.80403365565405,partial,partial,yes,0.0,0.0
1.2.643.5.1.13.13.12.2.77.8252.08001013010106001102020015031109,2.25.286999464611662854355201599068538813496,60,4,-83.91282209061306,-84.56926008732972,-84.56926008732974,1.1287504932983594,79.02238400572307,6,56.59037785860213,in_frame,in_frame,yes,-0.7403925064682575,-0.6981818121275116,-0.6981818121274923,4.950884911962619,8.683254777138355,6,135.48421334251637,in_frame,in_frame,yes,0.0,0.0
1.2.643.5.1.13.13.12.2.77.8252.02120204101515130306021007150210,2.25.314147167453134440746270747484612743945,4,4,-44.697639935306135,-36.968237616609684,-32.35386930618696,83.26957447289843,56.02713834532313,6,263.754582509291,in_frame,in_frame,cannot,1.9319005354646661,2.1689219369997366,2.082395364901899,2.0257088032708905,1.4448200271494451,5,147.0239466845364,in_frame,in_frame,cannot,0.0,0.0
1.2.643.5.1.13.13.12.2.77.8252.04091012040015061107090014081504,2.25.339027809107632348165171236474821772940,6,4,-24.040122108576586,-23.814474510217853,-24.055871885319473,59.45552394861322,23.234364611673477,6,195.68714511046255,in_frame,in_frame,yes,3.427504127775904,3.596889628989439,3.596889628989475,8.861332807351406,14.59010974897291,6,143.17298717606437,in_frame,in_frame,yes,0.0,0.0
1.2.643.5.1.13.13.12.2.77.8252.12111312010203070900101115051015,2.25.340839477910528898406207279980417945,7,4,-67.7813841998139,-64.70626275811384,-67.73626348684527,49.01128511972716,111.96043719433592,6,156.32229141761096,partial,partial,yes,2.7877193002766676,2.690657189227732,2.690657189227741,3.7809438340159525,5.394373497162146,6,162.88307199857826,partial,partial,yes,0.0,0.0
1.2.643.5.1.13.13.12.2.77.8252.15141302131508150312140605060212,2.25.39068163399801173920284179500049527111,9,4,-0.1500370024402256,3.5976739093261543,-0.14619278189459245,78.55702273303939,33.32415715430657,6,189.27019654345045,in_frame,in_frame,yes,3.4846885029910823,3.1558688452440635,3.1558688452440897,1.325051989618884,0.6443177652766522,6,130.7451220277399,in_frame,in_frame,yes,0.0,1.0
1.2.643.5.1.13.13.12.2.77.8252.07120809010109050202061111011110,2.25.52532476139575422857225834315571570912,11,4,18.292455705907066,15.130506840650211,18.363626506892906,1.1573014568415865,8.314025857411497,6,2.9560687193536013,partial,partial,yes,-2.2920591921408433,-2.662644411586179,-2.662644411586188,13.9610911744336,23.45851751987159,6,138.51155219138377,partial,partial,yes,0.0,0.0
1.2.643.5.1.13.13.12.2.77.8252.04050904100201141507070306131511,2.25.87869906212286587478854831452123526595,22,4,-77.72713720193524,-77.97027482077061,-77.73351796879987,1.9901536275628973,52.04878884277938,6,131.7987538276936,partial,in_frame,yes,7.041779339612763,6.869607816758391,6.479201562358065,3.2824641729247084,4.092413639800633,6,155.5662328530413,partial,in_frame,yes,0.0,0.0
