sop_uid,study,study_n,fold,Th12_x_pred,Th12_y_pred,Th12_score,Th12_x_true,Th12_y_true,L1_x_pred,L1_y_pred,L1_score,L1_x_true,L1_y_true,L2_x_pred,L2_y_pred,L2_score,L2_x_true,L2_y_true,L3_x_pred,L3_y_pred,L3_score,L3_x_true,L3_y_true,L4_x_pred,L4_y_pred,L4_score,L4_x_true,L4_y_true,L5_x_pred,L5_y_pred,L5_score,L5_x_true,L5_y_true,crest_left_x_pred,crest_left_y_pred,crest_left_score,crest_left_x_true,crest_left_y_true,crest_right_x_pred,crest_right_y_pred,crest_right_score,crest_right_x_true,crest_right_y_true
1.2.643.5.1.13.13.12.2.77.8252.07150612000412081110110102150004,1.2.840.113619.2.110.512719.20250407113211,26,0,159.39377,107.89496,0.43193519115448,146.24044799804688,18.74162483215332,151.57866,106.19171,0.24774983525276184,146.6893768310547,76.64981842041016,296.93057,292.29602,0.2643176019191742,145.7915496826172,124.23331451416016,160.9799,291.48666,0.2993914484977722,145.34266662597656,165.98109436035156,,,0.18967537581920624,148.0360565185547,209.973388671875,129.6467,291.3957,0.2594573497772217,146.6893768310547,248.1299591064453,106.14591,70.34827,0.35786762833595276,,,64.061745,104.68724,0.6520507335662842,,
1.2.643.5.1.13.13.12.2.77.8252.11011413051206050400150606100110,2.25.102965897799404973225419898683246248872,63,0,303.55942,86.96884,0.43961212038993835,143.50076293945312,24.174701690673828,171.45848,14.769312,0.24063622951507568,146.4163360595703,75.1966781616211,122.149,246.05441,0.26922479271888733,150.30369567871094,133.50750732421875,127.16173,269.08395,0.38457217812538147,152.24740600585938,187.9309539794922,,,0.19112859666347504,158.07847595214844,239.92478942871094,163.21202,2.4434586,0.2729405462741852,159.0503387451172,291.43267822265625,122.24437,272.3414,0.6206215620040894,,,128.78969,267.4223,0.9882639646530151,,
1.2.643.5.1.13.13.12.2.77.8252.10001500010311100907131007040004,2.25.114887542067602662452692698814728642117,31,0,201.74605,13.373295,0.4345255196094513,146.3594512939453,50.721168518066406,69.98975,233.32742,0.2417563796043396,155.738525390625,99.5912094116211,306.7164,316.77148,0.26104408502578735,155.738525390625,149.942138671875,306.74863,316.76343,0.3068476915359497,157.2194366455078,183.5094451904297,,,0.18861234188079834,153.76400756835938,242.74581909179688,306.73392,316.7689,0.24595914781093597,154.25762939453125,292.6031494140625,68.35168,233.3365,0.3570462167263031,,,283.3086,18.325796,0.6447184085845947,,
1.2.643.5.1.13.13.12.2.77.8252.04131510070001011107040403071102,2.25.124890633326693921702195356152595253940,33,0,296.13748,200.76208,0.4464000165462494,180.5941162109375,1.6718086004257202,296.12094,291.46643,0.2378036081790924,171.67779541015625,45.36175537109375,296.92343,291.50537,0.2632799744606018,166.77383422851562,93.95563507080078,296.94208,291.48138,0.29896610975265503,166.32798767089844,146.11607360839844,,,0.19542115926742554,164.99057006835938,204.96372985839844,151.56996,69.529305,0.2579841613769531,161.4240264892578,248.6536865234375,200.16351,125.83516,0.35190704464912415,38.3789176940918,235.27920532226562,210.94432,121.106415,0.5827218294143677,280.9026184082031,237.0624542236328
1.2.643.5.1.13.13.12.2.77.8252.02030508140000071310150302011113,2.25.128197189461989832465575162384360009377,71,0,304.66986,148.593,0.4346470534801483,151.28367614746094,28.240259170532227,304.65546,313.76065,0.2385842502117157,152.75067138671875,80.07518768310547,305.4965,313.80832,0.26240473985671997,150.30563354492188,139.24526977539062,305.51315,313.78824,0.3011840283870697,148.34959411621094,193.52523803710938,,,0.19147157669067383,145.41554260253906,247.8052215576172,153.5646,47.88526,0.2597517669200897,146.39358520507812,305.0192565917969,153.58287,47.72891,0.339827299118042,31.47648811340332,257.09637451171875,148.60422,4.9889784,0.6842005848884583,273.535888671875,234.60198974609375
1.2.643.5.1.13.13.12.2.77.8252.05100110120015150515030506140402,2.25.13069823278093578548407087310307113784,74,0,296.6861,60.811104,0.45471176505088806,151.91806030273438,2.5132968425750732,317.1209,339.49738,0.23938274383544922,155.09275817871094,56.48323440551758,318.04654,339.5396,0.2614852786064148,155.09275817871094,115.2151870727539,318.069,339.5167,0.30145129561424255,156.6801300048828,172.88893127441406,,,0.19158990681171417,157.209228515625,239.55767822265625,318.06427,339.532,0.24714726209640503,157.209228515625,304.1098937988281,242.98079,184.03369,0.3056994378566742,25.98824691772461,278.18316650390625,292.97852,176.85938,0.5887534022331238,281.0225830078125,287.707275390625
1.2.643.5.1.13.13.12.2.77.8252.13090607110001000310151006050113,2.25.134456506307367483341018281460841912845,77,0,303.56717,126.368866,0.4529663920402527,163.90957641601562,12.512527465820312,187.86731,111.54672,0.2533136010169983,166.8251190185547,56.24565124511719,105.818535,155.77567,0.2637367248535156,168.76881408691406,103.3802490234375,304.4108,311.8011,0.30332908034324646,172.6561737060547,151.00074768066406,141.91026306152344,145.97097778320312,0.20142197608947754,179.94503784179688,200.0790557861328,186.198,113.136856,0.2538697421550751,178.00137329101562,252.5587921142578,141.94173,146.05827,0.3674716055393219,,,174.71196,191.95529,0.6996742486953735,,
1.2.643.5.1.13.13.12.2.77.8252.09030712140506070904071003000708,2.25.13566237352084812982996047541944701548,49,0,305.90118,88.42766,0.44755855202674866,140.435791015625,32.95026397705078,65.03335,101.68133,0.23910121619701385,138.95489501953125,74.90937042236328,306.7182,316.7747,0.26308608055114746,140.435791015625,124.76667022705078,306.73816,316.74902,0.29934340715408325,149.32125854492188,179.06674194335938,,,0.18577373027801514,158.20669555664062,234.35401916503906,306.76025,90.03047,0.2515183091163635,152.77670288085938,271.8703918457031,66.673935,115.01833,0.35624808073043823,19.00117301940918,249.65673828125,-1.663575,139.99867,0.622398853302002,276.67950439453125,250.15037536621094
1.2.643.5.1.13.13.12.2.77.8252.03150209000513130305020013101408,2.25.144941557565802351596730914409170713112,80,0,306.95535,216.31602,0.44507840275764465,137.8924102783203,15.522560119628906,119.919365,177.75354,0.25146549940109253,147.5784912109375,66.93328094482422,119.898186,177.7673,0.2678411304950714,145.59161376953125,118.34398651123047,171.92076,264.99683,0.290365606546402,148.82028198242188,174.72193908691406,,,0.19389499723911285,148.57192993164062,233.58348083496094,119.900276,177.78043,0.2531416714191437,152.29734802246094,293.1900939941406,148.47966,164.43285,0.3610037565231323,,,148.3912,207.96652,0.6782225966453552,,
1.2.643.5.1.13.13.12.2.77.8252.09040703010601060814101313081104,2.25.158197739569377798130962967413133224194,42,0,103.19578,79.76616,0.4367818236351013,158.3607940673828,20.537208557128906,96.89862,81.26811,0.2318670153617859,157.4629669189453,76.64981842041016,173.43918,289.28906,0.2589157223701477,154.3206787109375,129.1712188720703,151.59308,291.4425,0.2893625795841217,151.1783905029297,182.59042358398438,,,0.19339603185653687,149.8316650390625,241.8453369140625,1.5039907,291.36618,0.2575624883174896,148.9338836669922,287.184326171875,28.098545,25.005499,0.3525051772594452,,,157.83553,134.38081,0.6891030073165894,,
1.2.643.5.1.13.13.12.2.77.8252.01120709131111081211081313110800,2.25.158646777318759504110695916200521633609,85,0,296.1383,193.73322,0.45014330744743347,152.4903564453125,8.743918418884277,1.5038073,289.88623,0.24656260013580322,150.7194366455078,44.60508346557617,257.7183,284.42203,0.2645738124847412,136.9947967529297,96.8472671508789,187.53703,-1.4707663,0.3168725073337555,132.56748962402344,147.76126098632812,,,0.18870560824871063,141.42210388183594,206.64439392089844,296.95004,195.31549,0.25176650285720825,154.70401000976562,258.00115966796875,256.33817,284.25885,0.35359710454940796,,,46.867676,20.293007,0.6240901350975037,,
1.2.643.5.1.13.13.12.2.77.8252.03120113151010021310000801051000,2.25.16773626720107440979805052259711419763,88,0,221.94522,288.26416,0.4426388442516327,,,168.84558,288.23108,0.29975131154060364,144.48304748535156,37.337059020996094,170.30644,286.8166,0.28268173336982727,149.38702392578125,90.83492279052734,170.40228,286.73148,0.33635225892066956,154.29098510742188,152.8032989501953,170.23150634765625,285.27642822265625,0.21424588561058044,152.95352172851562,204.51792907714844,168.80516,288.19125,0.2730344235897064,155.18260192871094,266.4862976074219,120.32574,241.42426,0.4059945046901703,,,120.31782,246.0949,0.8681315779685974,,
1.2.643.5.1.13.13.12.2.77.8252.08131412000401011215150704040610,2.25.172445998420765569384934552191547932566,91,0,112.33274,224.94719,0.4447733163833618,138.15560913085938,3.2799806594848633,141.92636,231.31259,0.24438582360744476,134.75416564941406,55.27381134033203,141.94757,231.34705,0.2911098897457123,133.29637145996094,105.80986022949219,114.04861,262.52283,0.3647903501987457,137.66969299316406,154.8881378173828,,,0.18796807527542114,144.47264099121094,210.28347778320312,143.55374,231.3528,0.26017430424690247,147.87408447265625,266.65057373046875,109.17728,269.07336,0.5770646929740906,,,117.30585,273.98425,0.9804214835166931,,
1.2.643.5.1.13.13.12.2.77.8252.10151201011509101414030411060512,2.25.177745077805190810016231350557005569203,48,0,226.17055,14.950881,0.4381425082683563,,,187.91122,2.4488797,0.2467678040266037,154.23101806640625,18.5183162689209,305.64236,314.8008,0.2646242678165436,158.64599609375,81.7994613647461,181.34734,4.9816756,0.3027094602584839,164.5325927734375,141.1561737060547,,,0.1916159838438034,161.58929443359375,198.5507049560547,183.0424,2.5773125,0.2631220519542694,159.6270751953125,245.15309143066406,134.98227,225.29884,0.3383161723613739,32.083702087402344,221.60662841796875,272.46155,14.911194,0.6077601313591003,267.057861328125,220.13494873046875
1.2.643.5.1.13.13.12.2.77.8252.03010603150012061509030005111300,2.25.220866240977467582196609708837940253840,52,0,304.67,18.148903,0.4398271143436432,94.06961822509766,27.262237548828125,214.62851,312.92838,0.2456291764974594,102.38276672363281,82.0312271118164,305.53415,2.4170926,0.25356540083885193,112.65196228027344,137.7782440185547,132.11273,123.87788,0.29587626457214355,126.34419250488281,198.9043426513672,,,0.18782319128513336,132.70132446289062,251.22830200195312,125.51787,123.83374,0.2538069188594818,137.10240173339844,296.21710205078125,122.15357,125.40401,0.3433730900287628,,,108.98269,85.86025,0.6717382669448853,,
1.2.643.5.1.13.13.12.2.77.8252.07020101080211090714060800071015,2.25.272690031744216183651627058502316132741,57,0,249.2443,305.27078,0.4427865147590637,184.68821716308594,80.22418975830078,153.50725,122.40088,0.24001140892505646,179.8682098388672,124.98100280761719,197.07355,2.5882468,0.26403895020484924,172.2939910888672,170.42642211914062,158.5061,169.41579,0.2983233332633972,168.16261291503906,218.62606811523438,,,0.18730528652668,162.654052734375,267.5142517089844,197.05812,2.5367317,0.26147234439849854,164.7197723388672,315.02532958984375,173.592,2.5440516,0.38343656063079834,,,52.837425,58.70613,0.6652511358261108,,
1.2.643.5.1.13.13.12.2.77.8252.06061007030610120805010913100711,2.25.322202456901330781765399791024580391565,62,0,50.097218,10.859195,0.41952598094940186,,,1.5125359,291.45477,0.2390737384557724,174.52120971679688,38.942161560058594,296.92346,292.3013,0.26317906379699707,183.49923706054688,98.64596557617188,296.9384,292.27838,0.2980782389640808,187.5393524169922,153.8607635498047,,,0.18654216825962067,174.52120971679688,205.0354461669922,296.94284,292.2942,0.24889686703681946,159.25857543945312,254.41455078125,87.48325,1.5474398,0.31392332911491394,,,67.201225,-1.5765563,0.5836970806121826,,
1.2.643.5.1.13.13.12.2.77.8252.05001409080504151204111500000514,2.25.37515662379281069436632838996073181551,8,0,186.04182,64.150314,0.4361591935157776,127.38662719726562,48.81796646118164,118.75947,162.55644,0.24331802129745483,131.87564086914062,97.74816131591797,126.54075,163.99774,0.25665873289108276,141.75143432617188,147.57614135742188,195.30565,-1.5563858,0.28586116433143616,148.9338836669922,199.64865112304688,,,0.19659709930419922,151.1783905029297,250.8233642578125,121.89189,164.01973,0.2543243169784546,153.8717803955078,287.6332092285156,123.379974,240.65262,0.3901519775390625,,,121.88913,239.08113,0.828575611114502,,
1.2.643.5.1.13.13.12.2.77.8252.00121200081108110912041503010000,2.25.66397484472966116002950503539482860450,16,0,304.78683,34.78499,0.4467693865299225,157.6648712158203,4.292325019836426,304.73865,2.5074692,0.24009191989898682,161.0987548828125,55.800228118896484,305.63562,314.79984,0.26345789432525635,163.06092834472656,107.7986831665039,305.64325,314.775,0.2984110414981842,162.079833984375,163.72154235839844,,,0.19189001619815826,163.551513671875,221.11605834960938,305.63815,314.79755,0.24920502305030823,164.04205322265625,276.0578308105469,128.36063,3.455598,0.36082932353019714,,,30.636736,71.23531,0.6093095541000366,,
1.2.643.5.1.13.13.12.2.77.8252.07120905081404061009060805020905,2.25.91981043841368764114007975581101713077,23,0,304.79962,216.99942,0.44717949628829956,,,-7.4959917,313.88367,0.2354535162448883,138.53335571289062,34.215965270996094,305.6767,2.5097954,0.2589266896247864,141.9672393798828,96.51600646972656,-6.6091948,314.7158,0.2768942713737488,147.8538360595703,158.81602478027344,,,0.18709588050842285,146.3822021484375,223.07827758789062,305.6667,218.65282,0.25264450907707214,142.78599548339844,286.5199890136719,186.39911,230.21857,0.33370712399482727,,,244.2846,314.70398,0.6584056615829468,,
1.2.643.5.1.13.13.12.2.77.8252.15090515141309140806011408041204,2.25.112621744005021908434051268014787122937,30,1,2.3456068,265.57724,0.27281612157821655,,,35.95878,254.66714,0.2708781361579895,,,1.4334155,279.71014,0.3277028799057007,,,10.963688,84.24236,0.3139580190181732,,,12.494690895080566,85.8863525390625,0.26815593242645264,,,103.11696,-2.3624337,0.22264395654201508,,,10.938218,254.68445,0.5594398379325867,,,1.4990866,265.6339,0.4470079243183136,,
1.2.643.5.1.13.13.12.2.77.8252.10031005061115110908060312000307,2.25.126293418391331346694592071563510265596,69,1,204.70966,168.39243,0.2691383957862854,151.77267456054688,38.50944519042969,107.36437,282.32785,0.2885964810848236,154.21771240234375,86.92131805419922,305.4744,313.76868,0.2898809015750885,155.68472290039062,138.75624084472656,175.00964,72.66187,0.3328302502632141,154.7067108154297,190.1021728515625,120.56780242919922,49.542903900146484,0.28912389278411865,153.2396697998047,238.5140838623047,181.625,1.6041161,0.2039579600095749,155.68472290039062,273.23370361328125,222.8774,133.72267,0.4993287920951843,21.69631004333496,261.9864807128906,148.59138,196.48837,0.41694751381874084,276.95892333984375,264.4315185546875
1.2.643.5.1.13.13.12.2.77.8252.15080409060108110106110204020115,2.25.132083163398091874662674590622589534350,75,1,158.29245,316.69327,0.26384297013282776,111.31121826171875,10.242955207824707,88.31823,135.0014,0.28913167119026184,116.2475814819336,64.04935455322266,191.61285,221.66864,0.30238163471221924,121.18395233154297,120.81758117675781,164.85939,186.76413,0.3364979922771454,131.0566864013672,184.00311279296875,156.70553588867188,114.99308013916016,0.30131202936172485,140.435791015625,245.21400451660156,86.49567,265.0392,0.2109254002571106,145.86578369140625,292.6031494140625,150.01346,315.885,0.49725767970085144,,,121.67468,268.32047,0.38247498869895935,,
1.2.643.5.1.13.13.12.2.77.8252.12060607091105150404131215110908,2.25.135241889065705954191821710363605596815,78,1,96.40241,8.994288,0.26726076006889343,150.54095458984375,50.37871551513672,168.47333,342.5498,0.29848065972328186,152.1409912109375,92.7787094116211,87.40503,2.6976845,0.2953770160675049,156.1409912109375,147.1787109375,154.07028,86.49901,0.33546650409698486,153.740966796875,210.37872314453125,105.52737426757812,59.44253921508789,0.30343014001846313,152.94097900390625,274.3786926269531,96.26545,39.705856,0.21263545751571655,157.740966796875,331.1787414550781,172.07385,341.63995,0.4762526750564575,8.140960693359375,287.1787414550781,91.069214,1.7236838,0.40135684609413147,283.3409423828125,274.3786926269531
1.2.643.5.1.13.13.12.2.77.8252.07080813110202150000000512100700,2.25.13983650679559142983913935144968795415,39,1,122.02461,290.89044,0.32675299048423767,148.9412078857422,24.40840721130371,178.17223,286.54672,0.31460314989089966,148.495361328125,73.89393615722656,296.96353,-3.2234066,0.32724830508232117,148.495361328125,122.48784637451172,125.003624,291.52612,0.9982214570045471,149.38702392578125,180.88967895507812,126.54967498779297,291.70513916015625,0.9901072978973389,152.06190490722656,230.82106018066406,231.293,206.98645,0.2053382247686386,151.6160888671875,283.4272766113281,126.58208,290.35062,0.985774040222168,9.400903701782227,233.05014038085938,125.02246,291.5967,0.9937398433685303,283.1317138671875,232.15847778320312
1.2.643.5.1.13.13.12.2.77.8252.01120104060301100213100004141203,2.25.165091430504580219034019815337441064349,44,1,231.2208,284.35825,0.3115611970424652,138.322998046875,10.072114944458008,254.69197,290.7487,0.3139544129371643,140.09393310546875,58.329742431640625,84.39987,287.5707,0.3262271285057068,137.88027954101562,111.45738220214844,134.39056,291.29144,0.6097185611724854,135.6666259765625,169.0123291015625,135.90921020507812,291.15576171875,0.4567875266075134,125.48381042480469,225.68182373046875,156.39278,287.32645,0.22616711258888245,120.61378479003906,273.053955078125,137.49805,289.78598,0.6969979405403137,,,135.93117,291.03152,0.7356292009353638,,
1.2.643.5.1.13.13.12.2.77.8252.06020510071406141308051102110806,2.25.167344201679287285499405412654740659745,45,1,189.06711,105.48,0.28508585691452026,157.03817749023438,36.37330627441406,190.57996,286.71817,0.3084779381752014,159.29039001464844,82.76898193359375,45.334522,292.33688,0.3233253061771393,161.54261779785156,132.31776428222656,148.42726,293.1619,0.9899744391441345,156.13729858398438,182.31700134277344,148.4230499267578,293.3153381347656,0.9728986024856567,151.18243408203125,236.82064819335938,201.6754,30.39967,0.21768693625926971,149.3806610107422,284.1172180175781,151.55966,291.9556,0.9231698513031006,,,149.99715,293.1882,0.9706029891967773,,
1.2.643.5.1.13.13.12.2.77.8252.03020907090204060013031106111312,2.25.169242707068684757906797344800977707240,90,1,167.19687,0.7675149,0.29375728964805603,154.67123413085938,16.596603393554688,156.22862,153.86119,0.31827428936958313,160.82626342773438,64.95757293701172,239.03706,13.267925,0.31158679723739624,161.2659149169922,109.36172485351562,150.00076,11.711934,0.35684412717819214,157.30909729003906,157.7227020263672,156.2532196044922,153.86231994628906,0.3145458996295929,152.9126434326172,208.72154235839844,115.48617,113.28601,0.20901675522327423,148.9558563232422,253.12570190429688,156.2527,-2.4541807,0.5876291990280151,22.777679443359375,214.43695068359375,137.5506,0.7187896,0.4415384829044342,277.7718811035156,218.3937225341797
1.2.643.5.1.13.13.12.2.77.8252.12071204070300150506091512141413,2.25.175903805423871105435148927871625232853,94,1,182.89795,19.694283,0.3051338195800781,145.44447326660156,38.266483306884766,204.26018,311.85663,0.3179207742214203,146.90225219726562,91.2321548461914,237.06635,218.23807,0.30665045976638794,147.87408447265625,142.74005126953125,120.803406,177.11058,0.3334835469722748,146.90225219726562,196.191650390625,130.4264373779297,196.87387084960938,0.2890569865703583,150.30369567871094,258.3898620605469,233.84088,216.50912,0.20799049735069275,147.87408447265625,309.4118347167969,205.90088,3.3618224,0.5844805240631104,14.245092391967773,263.73504638671875,133.70847,41.02226,0.48256516456604004,274.70013427734375,274.42535400390625
1.2.643.5.1.13.13.12.2.77.8252.14110604050810020100071004090404,2.25.178533355209696795441380751187185128893,95,1,254.24326,31.393019,0.2826562821865082,118.03105163574219,18.460081100463867,90.79412,84.22868,0.3096387982368469,118.52005767822266,67.84996795654297,305.48837,2.4634583,0.3155457675457001,125.85518646240234,125.06400299072266,115.688324,105.517265,0.3426937460899353,133.6793212890625,183.7450714111328,112.28526306152344,104.01142883300781,0.3091096580028534,144.4375457763672,239.9810791015625,170.06961,221.20387,0.21168237924575806,148.838623046875,298.1731262207031,259.2344,42.93423,0.5895723104476929,21.20730972290039,264.4315185546875,161.81792,1.5883338,0.4507202208042145,273.535888671875,251.22830200195312
1.2.643.5.1.13.13.12.2.77.8252.11100109131006120600020910050910,2.25.190331309633057244929837507901317950031,99,1,136.67998,301.4301,0.3106439709663391,152.26881408691406,55.800228118896484,96.88038,314.814,0.3237864375114441,161.0987548828125,103.87427520751953,305.64966,2.4418912,0.3253536820411682,161.58929443359375,148.02391052246094,182.88007,76.04966,0.3441709280014038,167.96644592285156,194.13572692871094,15.775096893310547,2.415903329849243,0.3246796429157257,170.419189453125,245.6436309814453,15.573672,1.5640252,0.24756324291229248,163.06092834472656,297.64208984375,65.431046,303.08365,0.5905666351318359,,,113.47997,304.7624,0.5018500089645386,,
1.2.643.5.1.13.13.12.2.77.8252.04000404020304020301120408100801,2.25.190807933410234695931591553323782771995,100,1,97.38867,305.42694,0.2981087565422058,156.1737518310547,48.28962326049805,72.63742,313.8175,0.3146509528160095,163.0198516845703,94.74545288085938,305.5124,244.28137,0.31586480140686035,161.55284118652344,143.64633178710938,173.3044,138.54358,0.33678731322288513,158.61880493164062,196.94834899902344,123.85816192626953,54.482086181640625,0.29739686846733093,157.64076232910156,257.58538818359375,206.5048,270.70248,0.2111910879611969,158.1297607421875,307.95330810546875,59.441414,308.73303,0.5879178047180176,,,97.379814,307.08667,0.4708612561225891,,
1.2.643.5.1.13.13.12.2.77.8252.06030210110500061108030910090908,2.25.247714038039430659432048101646401574824,54,1,107.50391,295.3102,0.3133663833141327,149.3318634033203,87.8306884765625,99.24914,311.84372,0.3236064910888672,150.30369567871094,140.79637145996094,304.4336,2.3598928,0.3212922215461731,151.76148986816406,187.4450225830078,105.88774,311.79333,0.3383256494998932,151.76148986816406,234.09368896484375,87.81140899658203,2.41105580329895,0.2814500331878662,153.21923828125,269.0802001953125,91.08209,1.5818955,0.22937387228012085,155.6488494873047,311.8414611816406,-4.8771625,273.9844,0.5897803902626038,,,159.97932,287.11255,0.49410101771354675,,
1.2.643.5.1.13.13.12.2.77.8252.02001209000515050108060411111311,2.25.269648774413746842548908998641183395622,55,1,4.9690356,19.766678,0.3058233857154846,134.82765197753906,4.874834060668945,100.66165,290.634,0.3002447783946991,138.25070190429688,57.687801361083984,-6.683135,85.86724,0.31025034189224243,139.71774291992188,110.01172637939453,100.964005,290.6018,0.3381129503250122,140.69573974609375,158.91261291503906,99.18120574951172,292.24847412109375,0.29644036293029785,146.0748291015625,214.65965270996094,51.182793,293.93793,0.21521440148353577,147.05287170410156,260.6264343261719,13.212723,31.374853,0.5849485397338867,24.800643920898438,259.159423828125,13.232639,26.428226,0.496650755405426,277.61822509765625,242.5331268310547
1.2.643.5.1.13.13.12.2.77.8252.12021011000615031102060001101203,2.25.29638026465755240167985424461715024381,61,1,171.45311,98.443245,0.2979123294353485,142.0430145263672,78.11221313476562,237.07088,311.8422,0.3091621398925781,141.55709838867188,122.3312759399414,304.4219,2.3769395,0.33399197459220886,143.0148468017578,173.83920288085938,166.50952,311.75327,0.32627344131469727,147.38816833496094,238.9529266357422,102.49913024902344,196.8804168701172,0.28326162695884705,151.27557373046875,293.3763732910156,55.042015,310.9964,0.2076309770345688,,,271.52808,21.335037,0.5927091836929321,,,118.97775,36.085247,0.46165376901626587,,
1.2.643.5.1.13.13.12.2.77.8252.02031401091510001200041308031003,2.25.48906424954135283790354958243772558962,10,1,32.299656,129.20576,0.2830033600330353,140.00502014160156,52.36638259887695,71.96451,124.13493,0.298020601272583,141.4766845703125,96.51600646972656,305.66672,241.751,0.3108498454093933,144.91053771972656,146.55223083496094,120.28198,130.74356,0.3382684886455536,147.36329650878906,198.5507049560547,123.42151641845703,137.46963500976562,0.2971952557563782,152.7593536376953,249.0775146484375,-6.6906433,2.4344983,0.2081182301044464,150.79713439941406,283.9066467285156,267.4847,241.81482,0.5640373229980469,,,244.38307,220.41559,0.4545551836490631,,
1.2.643.5.1.13.13.12.2.77.8252.02060605151213121009151302130207,2.25.54396839637320114639948764487283877793,13,1,118.88419,274.0938,0.30571362376213074,,,84.20153,313.82397,0.32162776589393616,,,-6.7023344,313.7555,0.31773248314857483,,,104.036736,313.77377,0.33728352189064026,,,150.20855712890625,69.35829162597656,0.2915312945842743,,,95.805885,209.64926,0.21173720061779022,,,44.582184,305.43494,0.5962125658988953,,,110.64735,292.269,0.4927176237106323,,
1.2.643.5.1.13.13.12.2.77.8252.05111111030105140803060510040613,2.25.65954778282254353457041255543338557112,15,1,163.09529,231.89326,0.3080640435218811,160.60816955566406,44.517539978027344,277.4367,314.81033,0.31707748770713806,160.1176300048828,93.08213806152344,277.42453,51.318516,0.3212381601333618,160.1176300048828,142.62782287597656,239.3307,314.74933,0.32949283719062805,160.60816955566406,200.0223846435547,125.03392028808594,187.13851928710938,0.2937944829463959,165.02313232421875,252.02081298828125,-6.6387243,313.8775,0.22300486266613007,160.1176300048828,296.6609802246094,209.52383,309.70734,0.5886643528938293,,,181.34651,303.10104,0.4971705675125122,,
1.2.643.5.1.13.13.12.2.77.8252.06151311061015011100110511080701,2.25.76710355977373089612172037086913478687,18,1,204.63272,39.716156,0.2743588387966156,170.90977478027344,1.3490146398544312,148.24014,31.462044,0.297124981880188,169.4381103515625,49.42305374145508,247.54634,2.4444911,0.3062859773635864,164.5325927734375,100.44041442871094,151.8123,41.3363,0.333812952041626,163.551513671875,148.02391052246094,146.5931854248047,8.304359436035156,0.2971498370170593,159.13653564453125,206.89007568359375,267.47928,313.77658,0.20126961171627045,156.68377685546875,261.34130859375,219.45374,26.497896,0.5554597973823547,19.819915771484375,246.624755859375,212.84538,1.5640932,0.42783084511756897,284.71771240234375,222.58770751953125
1.2.643.5.1.13.13.12.2.77.8252.11011500050713141305050211140308,2.25.78999454687125053757525542837745968726,19,1,161.4547,1.5852398,0.2337326854467392,,,153.21785,96.06386,0.29479238390922546,146.8727569580078,19.989965438842773,305.61243,314.75723,0.290412038564682,150.79713439941406,78.36559295654297,153.21654,132.48672,0.3323769271373749,152.7593536376953,136.2506561279297,123.35990142822266,13.222939491271973,0.2876502573490143,153.740478515625,197.5696258544922,174.73566,1.6052171,0.20502907037734985,158.64599609375,248.58692932128906,146.58815,9.943011,0.39407283067703247,29.140382766723633,226.51211547851562,164.78735,1.4638315,0.38054120540618896,287.17047119140625,221.11605834960938
1.2.643.5.1.13.13.12.2.77.8252.14031015091008031013040205110915,1.2.840.113619.2.110.512719.20250403090444,24,2,270.3232,-3.2588646,0.24376477301120758,155.62844848632812,6.5757737159729,3.0976405,228.92905,0.32220402359962463,152.06190490722656,45.36175537109375,107.77753,155.48672,0.33422377705574036,153.3993682861328,94.4014663696289,262.48416,285.10272,0.36357155442237854,155.18260192871094,147.8993377685547,123.4352035522461,288.2264099121094,0.29083511233329773,157.41168212890625,200.95138549804688,2.3483224,230.35329,0.39362040162086487,157.41168212890625,254.00344848632812,107.62382,155.4997,0.3565085530281067,,,3.1636038,228.9409,0.2892405688762665,,
1.2.643.5.1.13.13.12.2.77.8252.14131410040814100713070401091213,2.25.10245777060263212829333021434108890537,27,2,-6.664283,3.9369864,0.9879792928695679,163.06092834472656,11.160043716430664,-6.653409,3.9354153,0.9290701746940613,165.02313232421875,63.15850067138672,-7.5221763,3.605892,0.44571468234062195,157.6648712158203,117.11914825439453,-6.5119433,13.202456,0.3893635869026184,154.23101806640625,171.07980346679688,-6.621187210083008,3.3177194595336914,0.9999997615814209,152.7593536376953,232.88929748535156,-6.591552,3.3575125,1.0,152.7593536376953,279.49169921875,-6.6245365,2.484849,1.0,25.215974807739258,236.32315063476562,-6.624049,4.9700227,0.9999997615814209,287.17047119140625,248.58692932128906
1.2.643.5.1.13.13.12.2.77.8252.10030113050111051002020402141304,2.25.102755089973625799055786462646268820450,28,2,35.830357,274.9611,0.3472155034542084,197.20611572265625,13.613954544067383,35.770126,274.87704,0.3964434862136841,191.45065307617188,65.41341400146484,35.82735,274.91614,0.37698662281036377,178.16873168945312,116.77013397216797,34.295853,276.47372,0.4072657823562622,170.64230346679688,170.34051513671875,35.76887512207031,274.9311218261719,0.3337780237197876,169.3141326904297,222.1399688720703,32.666504,276.413,0.42908960580825806,168.87139892578125,268.1839294433594,34.345516,274.9544,0.3795558512210846,,,35.686745,274.8187,0.34034794569015503,284.4240417480469,229.2236785888672
1.2.643.5.1.13.13.12.2.77.8252.08120904010605130814050710080508,2.25.103868781101960771917584077315578649178,64,2,185.92403,52.35654,0.5042540431022644,160.0865936279297,36.44544219970703,195.24178,33.616253,0.48821330070495605,157.41168212890625,87.71422576904297,187.48288,53.901794,0.5127242803573608,153.3993682861328,132.29579162597656,195.1213,53.87576,0.4728063642978668,150.2786407470703,174.20245361328125,1.9241759777069092,-3.236600399017334,0.6795139312744141,148.049560546875,229.9293975830078,2.2690232,-2.359328,0.7413569688796997,145.37466430664062,271.3902587890625,2.0471869,-2.4515166,0.9376552700996399,19.654659271240234,223.68797302246094,2.0122244,-2.1243405,0.6136896014213562,274.66119384765625,222.79635620117188
1.2.643.5.1.13.13.12.2.77.8252.00071307071102020311080215100104,2.25.105033841136787477881326326053319223817,65,2,252.41971,313.02658,0.2750869393348694,136.57118225097656,19.008869171142578,250.9835,311.3877,0.3956212103366852,143.43887329101562,68.5545654296875,250.94356,312.91705,0.38914304971694946,147.36329650878906,113.685302734375,249.26233,313.04984,0.39886751770973206,153.24989318847656,146.0616912841797,-6.995654106140137,2.4367728233337402,0.6341246366500854,157.17431640625,198.5507049560547,-6.664529,3.3886013,0.7079036831855774,163.06092834472656,258.39794921875,-6.895483,3.2764087,0.9202001690864563,,,-6.900677,3.583027,0.5850746035575867,272.9444580078125,246.624755859375
1.2.643.5.1.13.13.12.2.77.8252.14031513011512070711151413071213,2.25.108537195937431169718850276671337677972,29,2,179.63402,-3.242472,0.24768945574760437,136.90419006347656,13.263016700744629,276.57513,221.05249,0.333158016204834,140.693603515625,61.856910705566406,234.35023,5.510754,0.32558995485305786,148.71829223632812,111.34244537353516,268.81808,217.78717,0.3662686049938202,152.50770568847656,166.1777801513672,110.94523620605469,-0.6313506364822388,0.3099844753742218,149.1641082763672,225.47125244140625,290.68774,225.65472,0.39549362659454346,141.13941955566406,277.8546142578125,250.00172,288.1785,0.37933024764060974,12.967425346374512,236.1708221435547,290.63712,225.78326,0.3034249544143677,273.76959228515625,261.5823059082031
1.2.643.5.1.13.13.12.2.77.8252.09070705131210061514041509120513,2.25.128630285053087246379265602913470285158,36,2,-4.077669,4.9045124,0.9999252557754517,146.9219207763672,6.156187534332275,-4.067859,4.9830737,0.9970976114273071,151.26747131347656,59.268409729003906,-3.2888334,3.7435238,0.48975878953933716,154.64732360839844,112.38063049316406,252.64969,286.97607,0.4512236714363098,160.44137573242188,166.9413604736328,-4.075395584106445,2.4454381465911865,1.0,162.3727264404297,224.39913940429688,-4.0670695,2.4537652,1.0,159.4757080078125,276.0628356933594,-4.0755186,1.6302102,1.0,,,-3.9227545,2.6026964,1.0,,
1.2.643.5.1.13.13.12.2.77.8252.04071014120313000711051010091409,2.25.128990540359421489042453547244535073735,72,2,-7.500567,6.664459,0.9994779229164124,164.13037109375,66.0239028930664,-7.491588,6.6374474,0.9902557730674744,165.6112518310547,109.46393585205078,-5.002127,3.693998,0.5140014886856079,164.62399291992188,141.55032348632812,196.581,74.98474,0.39134082198143005,167.09217834472656,194.3694305419922,-7.4988908767700195,2.501112699508667,1.0,160.18125915527344,241.75856018066406,-7.4790435,2.5209699,1.0,152.77670288085938,286.67950439453125,-6.6665974,1.6667024,1.0,,,-7.3818345,3.5051532,1.0,,
1.2.643.5.1.13.13.12.2.77.8252.07151108041411120004040810151209,2.25.132272637351979990811754009849547633391,37,2,267.34747,271.1178,0.5060255527496338,127.09623718261719,29.758207321166992,267.28104,269.55423,0.4910852909088135,125.3129653930664,73.44812774658203,268.80554,267.99442,0.49988463521003723,127.09623718261719,122.93365478515625,289.02902,261.7208,0.49364277720451355,143.1455841064453,173.31082153320312,270.38433837890625,263.34295654296875,0.47251957654953003,155.62844848632812,227.70033264160156,278.12363,266.40738,0.502423107624054,160.0865936279297,271.8360900878906,270.34073,266.42844,0.5024688243865967,,,267.29306,271.12228,0.44546952843666077,,
1.2.643.5.1.13.13.12.2.77.8252.14070208080209001506081402060503,2.25.13325817932854000792938662637654885530,76,2,105.80344,118.818954,0.25139304995536804,136.12437438964844,9.168915748596191,272.45242,42.91239,0.32259052991867065,142.9705047607422,61.492855072021484,249.31476,2.4571397,0.34564757347106934,149.32762145996094,111.86076354980469,97.38239,305.39838,0.35727986693382263,156.1737518310547,162.71768188476562,-6.186224937438965,2.2931509017944336,0.39759737253189087,154.7067108154297,216.0196533203125,-5.7895317,3.1840954,0.43752771615982056,151.77267456054688,269.3216247558594,-6.1555543,3.1511488,0.7497827410697937,45.168731689453125,232.6459503173828,-6.75704,4.7759094,0.3577153980731964,254.95352172851562,220.9097442626953
1.2.643.5.1.13.13.12.2.77.8252.02050314081501100100131400110412,2.25.137344827330550141320158285144101816664,79,2,104.230606,287.28333,0.2628949284553528,144.8820037841797,17.926822662353516,252.66183,307.12903,0.40606969594955444,148.73277282714844,65.50475311279297,100.7053,312.03088,0.36099591851234436,149.55181884765625,116.40809631347656,252.5931,311.97366,0.43029484152793884,151.76449584960938,176.02737426757812,189.65963745117188,264.2183532714844,0.3044954240322113,153.32920837402344,223.3244171142578,254.28116,307.07025,0.4012696444988251,153.89161682128906,276.80682373046875,247.65666,307.05157,0.40453001856803894,,,259.19745,308.74115,0.32493892312049866,,
1.2.643.5.1.13.13.12.2.77.8252.01081107130715100908030700130001,2.25.156375884487675936513403083218009333856,82,2,-5.935572,5.047338,0.9707773923873901,152.75067138671875,64.91592407226562,-5.9944525,5.0776353,0.8643226027488708,161.55284118652344,105.0146484375,188.18178,89.12799,0.4248757064342499,165.9539337158203,161.7396697998047,188.21094,85.84786,0.4220009744167328,161.55284118652344,215.5306396484375,-5.778834342956543,4.953369140625,0.9999984502792358,154.7067108154297,265.4095764160156,-5.778584,6.6041455,0.9999997615814209,149.32762145996094,304.5302734375,-5.7773476,3.3044298,1.0,32.45450973510742,267.8546142578125,-5.7788076,6.604068,0.9999979734420776,280.8710021972656,259.05242919921875
1.2.643.5.1.13.13.12.2.77.8252.05130006080703150808130311150104,2.25.165355673991587715046346525964554729786,87,2,-5.778821,6.6044536,0.999962568283081,145.904541015625,69.8060073852539,-5.777595,6.601875,0.9983654618263245,145.41554260253906,117.72887420654297,-3.3719363,3.6885993,0.5397570729255676,148.34959411621094,162.2286834716797,234.42624,64.40637,0.49343574047088623,148.34959411621094,208.6845245361328,-5.778491973876953,2.4767160415649414,1.0,149.32762145996094,252.206298828125,-5.7700424,2.485167,1.0,149.81663513183594,295.2391052246094,-5.7786427,1.6510438,1.0,16.806222915649414,277.6347961425781,-5.6248584,2.6344352,1.0,276.95892333984375,273.23370361328125
1.2.643.5.1.13.13.12.2.77.8252.07130015011404020601141211131000,2.25.181196659018348153828200695057897449628,96,2,-6.6847496,3.3616478,0.42381295561790466,,,257.65393,8.336645,0.4391558766365051,165.8505401611328,26.6785945892334,264.13403,2.5229573,0.44639939069747925,167.55499267578125,80.08444213867188,262.52866,6.6327524,0.43095487356185913,172.6683349609375,137.46730041503906,-5.886077880859375,3.083275318145752,0.9245434403419495,172.1001434326172,193.71388244628906,-5.042479,3.4112291,0.9617219567298889,176.07720947265625,255.07379150390625,-5.7862024,3.2993715,0.9936793446540833,47.67592239379883,227.80271911621094,-5.7539,3.6863039,0.9185073971748352,289.7066345214844,224.96197509765625
1.2.643.5.1.13.13.12.2.77.8252.04131001000110131311121304090609,2.25.217397325224876728316360420804118329081,51,2,-6.6288333,4.9910913,0.9997826218605042,,,-6.6240206,5.0780582,0.9942820072174072,151.77825927734375,45.00811004638672,-6.621322,3.793867,0.48037466406822205,154.23101806640625,89.64827728271484,-6.53402,18.15734,0.3654674291610718,160.1176300048828,143.11839294433594,-6.624694347381592,2.4846837520599365,1.0,164.5325927734375,198.0601348876953,-6.612233,2.4971483,1.0,168.45701599121094,252.51136779785156,-6.62499,1.6562564,1.0,42.385276794433594,255.4546661376953,-6.5046926,3.4823315,1.0,290.60430908203125,238.2853546142578
1.2.643.5.1.13.13.12.2.77.8252.00080112010710030607090609070409,2.25.276415754443998872860614500027519740375,58,2,106.11487,3.2169402,0.5073217749595642,151.6272735595703,8.865784645080566,103.09601,1.6815857,0.49386289715766907,148.9338836669922,53.7558708190918,106.19712,3.1679296,0.5017982125282288,152.076171875,106.27728271484375,104.6269,6.2449226,0.4922778904438019,168.23660278320312,164.18548583984375,107.74497985839844,4.72017240524292,0.4800436794757843,173.62342834472656,223.88931274414062,99.90763,21.755966,0.5025105476379395,170.92999267578125,271.4728088378906,103.14195,12.492306,0.5024168491363525,29.07733154296875,248.578857421875,104.67482,6.2501173,0.44467344880104065,,
1.2.643.5.1.13.13.12.2.77.8252.05140704131104071313121101000313,2.25.306921081709806079165809721263236241032,1,2,99.57894,171.1372,0.2816873788833618,145.9562225341797,9.05321979522705,50.555595,309.8135,0.35843244194984436,146.9219207763672,58.785587310791016,99.37784,171.19318,0.35080718994140625,145.473388671875,109.48360443115234,107.55678,216.76846,0.38061103224754333,144.50772094726562,159.21595764160156,148.32656860351562,304.8703308105469,0.29610493779182434,145.473388671875,217.63938903808594,39.067825,208.5303,0.4035488963127136,146.4390869140625,266.888916015625,44.021976,308.91992,0.38433176279067993,,,52.15466,306.4505,0.3116951882839203,,
1.2.643.5.1.13.13.12.2.77.8252.13110108131113110013070512051310,2.25.338439598607961312040815816824093323492,5,2,204.75284,89.14436,0.5042499303817749,148.34959411621094,38.50944519042969,211.30861,107.31509,0.4888923168182373,159.10780334472656,82.0312271118164,209.68181,105.66932,0.506981611251831,173.778076171875,131.42111206054688,198.27255,80.87738,0.4951089918613434,175.73411560058594,184.72312927246094,-6.153719425201416,2.3958728313446045,0.8833156824111938,170.84402465820312,229.71189880371094,-5.8567524,3.3153417,0.9234607219696045,161.0638427734375,282.03582763671875,-5.983446,3.1908746,0.9891003966331482,12.405135154724121,263.4535217285156,-6.092163,3.6182733,0.8515403866767883,275.9809265136719,251.71730041503906
1.2.643.5.1.13.13.12.2.77.8252.07150604010711031305090702140107,2.25.73070100851377917031356937075051545239,17,2,101.71988,20.361525,0.31293731927871704,133.45297241210938,34.42228698730469,104.7635,34.356674,0.40005695819854736,139.6511688232422,81.79444122314453,104.70529,35.92958,0.4162280261516571,143.63575744628906,130.93751525878906,104.87785,32.78221,0.4116389751434326,147.62033081054688,184.50790405273438,103.33984375,21.871116638183594,0.32531893253326416,152.93307495117188,234.97915649414062,2.3500743,234.2603,0.3967690169811249,156.47494506835938,281.02313232421875,104.58658,42.200565,0.4184745252132416,,,104.589836,35.939365,0.31623101234436035,,
1.2.643.5.1.13.13.12.2.77.8252.10041006131411151513070104110809,2.25.87718478011637131470224319788530286374,21,2,257.7056,47.66416,0.2577401101589203,159.64076232910156,9.250669479370117,257.83383,47.650238,0.35329416394233704,161.4240264892578,55.16968536376953,103.08588,275.78738,0.33041316270828247,160.53240966796875,107.33010864257812,257.8287,47.63265,0.38113898038864136,158.30332946777344,163.0570526123047,257.82171630859375,47.65021896362305,0.2882828116416931,159.1949462890625,202.7346649169922,2.3556283,239.78694,0.3960016667842865,157.41168212890625,247.76202392578125,46.863663,288.19,0.37072452902793884,,,257.97403,46.082222,0.29322776198387146,,
1.2.643.5.1.13.13.12.2.77.8252.09050515110402090102050206010406,1.2.840.113619.2.110.512719.20250403092052,25,3,47.22129,18.224165,0.40596887469291687,151.77825927734375,53.8380126953125,34.019886,14.883161,0.2540511190891266,153.740478515625,100.93095397949219,47.22366,18.223482,0.3800607919692993,152.7593536376953,145.08058166503906,32.379257,41.400066,0.2240053117275238,155.2121124267578,203.4562225341797,255.89456176757812,314.7825927734375,0.38761961460113525,158.15541076660156,253.9830322265625,304.7857,314.7422,0.34778380393981934,161.0987548828125,300.5854187011719,187.97609,313.93335,0.4436973035335541,,,171.42021,289.83783,0.5405929684638977,272.9444580078125,254.964111328125
1.2.643.5.1.13.13.12.2.77.8252.05150512091506110304120408070606,2.25.116822802042655971810859435524105064465,67,3,133.3244,299.7917,0.3885842561721802,150.3065948486328,70.02621459960938,15.715852,2.4811878,0.2514554560184479,150.79713439941406,121.0435791015625,131.68732,299.79626,0.361378937959671,153.24989318847656,172.55148315429688,14.100644,2.4565918,0.2081184983253479,156.1932373046875,218.66329956054688,15.777624130249023,2.4961702823638916,0.34180954098701477,152.7593536376953,253.49244689941406,184.63286,127.5514,0.34284573793411255,149.32550048828125,283.4161071777344,43.885475,314.72284,0.37920039892196655,,,110.05333,313.06613,0.5287342071533203,,
1.2.643.5.1.13.13.12.2.77.8252.09071502150602001009041214040315,2.25.122446767306607067205618235949445789306,32,3,101.86195,21.531424,0.3702412545681,138.7786407470703,20.72579574584961,168.12236,31.448711,0.26223328709602356,139.02391052246094,72.47897338867188,103.481125,21.52749,0.35760214924812317,138.7786407470703,127.17546081542969,179.65308,18.207563,0.21646206080913544,142.7030487060547,181.62667846679688,90.39055633544922,23.16738510131836,0.3489394187927246,144.66525268554688,242.70033264160156,178.03139,14.886392,0.33905288577079773,149.32550048828125,293.7176818847656,5.8086963,66.25226,0.3709675669670105,,,45.548004,18.216225,0.5184543132781982,,
1.2.643.5.1.13.13.12.2.77.8252.06141210040207130507130606070312,2.25.125521310320333648427417313254965624364,34,3,117.18351,263.35117,0.3872399926185608,155.1220703125,43.714996337890625,164.07,266.45746,0.2637963593006134,156.74488830566406,98.07982635498047,117.17439,263.32483,0.3673402965068817,153.49923706054688,154.06747436523438,168.79669,-5.4733515,0.21868044137954712,152.2821044921875,211.27224731445312,167.14468383789062,2.386082649230957,0.3351078927516937,157.96202087402344,259.9571838378906,167.153,2.4073884,0.35930925607681274,,,181.29326,-3.9543183,0.4094650149345398,,,175.04172,0.7847786,0.5495607256889343,,
1.2.643.5.1.13.13.12.2.77.8252.14080500031007021314121106040303,2.25.127126130998341190348103034690069487890,35,3,191.49283,312.96155,0.4105939269065857,127.81123352050781,11.12494945526123,189.7211,312.96167,0.2952089011669159,135.63536071777344,66.87196350097656,155.19539,307.08334,0.36619558930397034,140.0364532470703,125.06400299072266,189.94507,312.93182,0.22893573343753815,143.9485321044922,187.65713500976562,97.48731994628906,313.8255310058594,0.3973826467990875,145.904541015625,249.2722625732422,189.76389,312.91437,0.35714516043663025,142.9705047607422,297.68414306640625,193.23967,312.91452,0.4123665690422058,15.828200340270996,262.9645080566406,97.34439,311.99805,0.5392466187477112,282.8270263671875,251.71730041503906
1.2.643.5.1.13.13.12.2.77.8252.05060902130204131205041207051405,2.25.137675513852774974135210999345676405116,38,3,191.41037,312.8631,0.4107828438282013,141.99249267578125,64.91592407226562,171.77115,216.2923,0.25517818331718445,141.5034942626953,110.88275909423828,161.79228,305.44165,0.3506866991519928,142.9705047607422,159.7836456298828,191.60187,312.8352,0.20990432798862457,147.86058044433594,216.99766540527344,89.06981658935547,2.508225440979004,0.34882113337516785,150.30563354492188,263.4535217285156,189.7765,312.05164,0.3418290615081787,149.81663513183594,308.44232177734375,191.64166,312.82285,0.3965883255004883,,,193.33728,312.85336,0.5284625291824341,,
1.2.643.5.1.13.13.12.2.77.8252.07040802010906150312000007110303,2.25.145848300160680194368420189079847088556,40,3,221.8368,280.65576,0.40015164017677307,129.7711181640625,13.263016700744629,157.8338,290.93857,0.4107774496078491,136.01254272460938,55.16968536376953,199.99353,289.85712,0.3683076798915863,147.15794372558594,108.66754913330078,156.26184,292.2388,0.244931161403656,149.38702392578125,162.16542053222656,156.26007080078125,290.9075927734375,0.9989712238311768,146.71212768554688,202.28883361816406,186.00804,291.44626,0.371135950088501,148.049560546875,241.52059936523438,156.26645,290.96252,0.9858621954917908,31.69168472290039,226.36289978027344,157.80653,291.50912,0.9716757535934448,254.1536865234375,231.26686096191406
1.2.643.5.1.13.13.12.2.77.8252.07051313070907070603030815070904,2.25.151186844055172005615813066162721550889,41,3,177.35286,218.59496,0.3644692897796631,,,222.30879,14.3234625,0.2508491277694702,144.1480255126953,33.68825149536133,175.48958,146.90453,0.3417596220970154,145.9976043701172,92.87591552734375,186.3134,118.27143,0.20438191294670105,145.38108825683594,158.84552001953125,-19.80543327331543,340.4556884765625,0.3386600911617279,142.2983856201172,217.41665649414062,275.84686,340.45734,0.3456205427646637,136.74954223632812,277.8374328613281,309.95148,340.45462,0.3763718008995056,10.975736618041992,255.64205932617188,172.09895,205.98006,0.5152397751808167,244.64373779296875,238.37896728515625
1.2.643.5.1.13.13.12.2.77.8252.12071112070710000412111310090807,2.25.156389075510671877606923458507011517218,83,3,184.37086,290.1845,0.5259772539138794,157.85751342773438,8.35904312133789,174.99458,290.9164,0.8984166383743286,156.5200653076172,51.1573371887207,278.1265,271.0903,0.36749011278152466,155.18260192871094,103.76358795166016,142.15607,292.28308,0.22580663859844208,153.8451690673828,159.49057006835938,156.27178955078125,290.1591491699219,1.0,156.07424926757812,212.09678649902344,193.8913,285.8947,0.3836967349052429,159.1949462890625,255.34091186523438,173.4383,290.562,0.9999994039535522,46.84940719604492,219.22982788085938,173.43736,290.63547,0.9999997615814209,275.5528259277344,210.7593536376953
1.2.643.5.1.13.13.12.2.77.8252.15011410150513090204040606151204,2.25.157462338378550185821790046400986801350,84,3,178.10965,290.40033,0.4869734048843384,153.8451690673828,22.625137329101562,175.00937,290.86316,0.5845909714698792,151.1702880859375,72.11067962646484,106.138664,291.50735,0.34404927492141724,144.03721618652344,122.04202270507812,156.24353,292.06363,0.23743776977062225,146.2662811279297,175.9857177734375,173.4373321533203,290.6481628417969,0.9999983310699463,145.8204803466797,223.68797302246094,179.68396,285.86105,0.3727588951587677,151.1702880859375,264.7030334472656,174.99875,290.674,0.999424934387207,,,174.9874,290.82687,0.9992498755455017,,
1.2.643.5.1.13.13.12.2.77.8252.03050413050004110015050414021412,2.25.159930383074323525630608416881201447861,86,3,178.12498,290.23755,0.5308704972267151,144.2601318359375,4.792512893676758,170.2907,290.9816,0.8446410894393921,141.13941955566406,55.39260482788086,204.79362,287.97037,0.35523003339767456,140.02487182617188,112.23407745361328,118.77564,292.24545,0.24734815955162048,144.7059326171875,165.50906372070312,164.07302856445312,290.1482238769531,1.0,146.4892120361328,221.9047393798828,186.05234,285.85522,0.38277289271354675,145.15176391601562,273.17352294921875,170.31163,290.56677,0.9999972581863403,,,170.31056,290.65475,0.9999982118606567,,
1.2.643.5.1.13.13.12.2.77.8252.14030405080503070005090010011210,2.25.168317503020329569414190677927680518621,89,3,204.55113,248.47737,0.39348429441452026,149.8501739501953,1.4982644319534302,192.19707,262.53018,0.2968951463699341,155.84323120117188,46.24642562866211,190.62085,262.4284,0.38673239946365356,156.64230346679688,98.1862564086914,192.1881,262.47348,0.24111193418502808,155.04417419433594,144.93214416503906,195.3370361328125,261.0514221191406,0.35004544258117676,154.24508666992188,197.27149963378906,190.61534,262.47977,0.36707109212875366,158.24044799804688,253.60623168945312,245.31499,259.2963,0.4045630395412445,31.986709594726562,210.45620727539062,239.063,257.79715,0.5343146324157715,,
1.2.643.5.1.13.13.12.2.77.8252.04151306060901060605121400081206,2.25.184198356665635336833172191504278054074,97,3,170.31805,291.19333,0.5636510848999023,162.8498077392578,11.110289573669434,162.49811,291.66632,0.7716408371925354,166.4409942626953,56.449275970458984,226.46666,292.28784,0.3668464124202728,165.54319763183594,99.09485626220703,185.91942,-3.2158706,0.22298873960971832,161.9519805908203,149.82064819335938,156.2519989013672,291.4142761230469,0.9999998807907104,162.40090942382812,201.89315795898438,178.18858,286.845,0.3622520864009857,155.66738891601562,251.7211456298828,162.49878,291.34158,0.9999040365219116,32.219642639160156,213.5645751953125,162.49973,291.4902,0.9998695850372314,269.2392883300781,218.95140075683594
1.2.643.5.1.13.13.12.2.77.8252.11081308031311040302130506061304,2.25.269742577365511543488820993979123763373,56,3,304.52054,305.14093,0.37605178356170654,119.20458221435547,61.5908317565918,220.70752,60.722973,0.26253417134284973,123.5779037475586,104.8380126953125,69.7786,111.44905,0.34504491090774536,128.9230499267578,140.3104248046875,227.09117,54.111458,0.21717190742492676,137.66969299316406,187.4450225830078,-5.842674255371094,2.496462345123291,0.36932867765426636,148.36000061035156,242.84031677246094,303.5776,311.82715,0.3458733856678009,150.78961181640625,296.29193115234375,164.8643,187.0298,0.37184610962867737,,,145.18729,190.3104,0.5266553163528442,,
1.2.643.5.1.13.13.12.2.77.8252.07090609050707040704081509101500,2.25.277752758923974029595977676354128739670,59,3,281.24615,277.3299,0.37981390953063965,143.4602813720703,6.4847636222839355,177.99982,288.22595,0.26908078789711,144.33956909179688,58.3629035949707,278.1373,277.41052,0.3692307472229004,146.5377960205078,112.65907287597656,260.91174,285.19043,0.25142303109169006,150.05496215820312,162.33897399902344,256.312744140625,283.6039123535156,0.37170347571372986,150.7144317626953,213.1179962158203,175.01051,285.27426,0.3588036596775055,149.3955078125,261.4789733886719,232.80473,285.14166,0.4175260663032532,24.536266326904297,244.33279418945312,181.30524,283.53915,0.5423820614814758,280.40972900390625,227.6262969970703
1.2.643.5.1.13.13.12.2.77.8252.10011315050807060809100706050011,2.25.307021710202910067378603383388989711646,2,3,305.7655,288.1899,0.3776584267616272,155.70265197753906,34.215965270996094,22.36971,2.4715257,0.2818700969219208,155.2121124267578,80.32778930664062,123.38485,289.8452,0.33544930815696716,156.1932373046875,130.85459899902344,22.191952,2.4318974,0.2165469080209732,159.13653564453125,182.85308837890625,22.42752456665039,2.4737589359283447,0.3723347783088684,155.70265197753906,234.8515167236328,304.8252,314.81357,0.34702715277671814,156.68377685546875,277.52947998046875,48.862274,313.88824,0.3885441720485687,,,105.08739,313.03644,0.5302627086639404,,
1.2.643.5.1.13.13.12.2.77.8252.03121103130007121510030803050514,2.25.309085571913348252136520206003694446566,3,3,159.35399,232.04591,0.3665282726287842,160.38662719726562,31.98418426513672,167.19073,289.13364,0.46162107586860657,155.550537109375,75.50906372070312,187.56465,284.7931,0.3670184016227722,152.0333709716797,123.87003326416016,198.49811,282.0095,0.23507705330848694,147.19728088378906,171.79135131835938,167.18734741210938,289.08453369140625,0.9999881982803345,146.75762939453125,221.4712677001953,193.83278,286.55872,0.38253355026245117,155.550537109375,273.349365234375,167.1889,288.97726,0.9980134963989258,20.139816284179688,237.7381134033203,167.18494,289.21912,0.9981991648674011,279.53045654296875,235.10025024414062
1.2.643.5.1.13.13.12.2.77.8252.02030504060005060505040905021305,2.25.52982400970721161435951723390541696819,12,3,137.04688,302.2092,0.3686143457889557,142.9705047607422,25.79521369934082,118.97874,313.00058,0.2636677920818329,145.41554260253906,75.18509674072266,171.67665,67.677605,0.33568477630615234,147.86058044433594,124.57500457763672,117.203636,312.9412,0.2146446406841278,150.7946319580078,175.43191528320312,113.98979187011719,313.81048583984375,0.3616286516189575,154.21771240234375,232.15695190429688,174.89003,41.260616,0.34860727190971375,152.2616729736328,291.8160095214844,117.15777,312.87018,0.38547468185424805,,,150.23314,250.95059,0.5351681709289551,,
1.2.643.5.1.13.13.12.2.77.8252.07101010011513020401030213080905,2.25.59542620917302828428419211045951914336,14,3,200.94798,310.9912,0.41195061802864075,154.67701721191406,20.773231506347656,199.18051,310.99088,0.2919883728027344,157.59255981445312,74.2248306274414,200.94472,310.9369,0.351017564535141,160.0221710205078,125.73272705078125,201.0179,310.97897,0.237123042345047,162.45179748535156,181.12806701660156,200.96170043945312,311.7859191894531,0.37483787536621094,159.0503387451172,238.9529266357422,199.24252,310.94745,0.35590699315071106,158.07847595214844,293.3763732910156,201.06642,310.9515,0.4226085841655731,,,204.27911,311.7299,0.5290111899375916,,
1.2.643.5.1.13.13.12.2.77.8252.15001111061311011106030303001309,2.25.82912555346523716720160717883917565880,20,3,178.12454,291.04468,0.5885065793991089,144.4448699951172,34.90203857421875,173.42125,291.58438,0.8885656595230103,150.2805633544922,77.99651336669922,223.43715,270.32523,0.40611934661865234,149.38278198242188,132.3135223388672,223.44682,271.8863,0.23813766241073608,149.8316650390625,183.0393524169922,157.82000732421875,290.8432312011719,1.0,152.5250701904297,232.86732482910156,190.72911,286.85062,0.3810778260231018,154.3206787109375,278.206298828125,168.74901,291.31357,0.9999959468841553,,,167.18768,291.42227,0.9999971389770508,,
1.2.643.5.1.13.13.12.2.77.8252.13030903151515081500090603041412,2.25.11175860580562939441493697221497597640,66,4,28.615223,96.90116,0.3327384889125824,147.63111877441406,40.45314025878906,35.24166,100.10856,0.4154568910598755,141.31411743164062,89.28845977783203,304.3947,1.5479697,0.35084909200668335,136.21192932128906,141.03932189941406,220.73735,300.2318,0.39659592509269714,137.42674255371094,195.2198028564453,25.440841674804688,93.51927185058594,0.42612093687057495,149.81777954101562,241.86846923828125,25.429035,93.52684,0.4000186026096344,153.94813537597656,290.4608459472656,56.60849,106.58911,0.4000330865383148,22.991714477539062,260.33355712890625,54.964905,106.62237,0.3586396872997284,,
1.2.643.5.1.13.13.12.2.77.8252.12031311070507060813050800031313,2.25.123175695355749859846173904788591707879,68,4,7.74707,290.64276,0.31407299637794495,153.8451690673828,20.396059036254883,35.94277,88.30417,0.408868670463562,148.9412078857422,62.302734375,296.9321,-3.9927022,0.3502553403377533,141.80813598632812,107.33010864257812,223.45428,30.47241,0.39870476722717285,140.470703125,152.3574981689453,37.5053825378418,88.24404907226562,0.4113536477088928,144.03721618652344,203.1804656982422,39.076183,88.26669,0.3786534070968628,148.049560546875,248.6536865234375,296.941,291.41113,0.4042156934738159,,,297.00742,290.64252,0.3415406346321106,,
1.2.643.5.1.13.13.12.2.77.8252.07111115111305011108141412010801,2.25.12798473087614376830819854616447908612,70,4,27.25419,83.00902,0.32284003496170044,139.02394104003906,21.461626052856445,27.30113,82.83718,0.4115442931652069,143.929443359375,72.47897338867188,305.63934,1.5658262,0.35016152262687683,153.740478515625,123.49633026123047,305.75275,301.37616,0.4007118046283722,153.24989318847656,171.07980346679688,43.8890495300293,91.01854705810547,0.4129811227321625,152.7593536376953,223.56881713867188,25.685196,81.16986,0.38681966066360474,151.77825927734375,279.49169921875,305.72272,301.4112,0.41001632809638977,,,305.7906,301.39023,0.34418708086013794,,
1.2.643.5.1.13.13.12.2.77.8252.10070914150303091307080902000612,2.25.156021661584944120526934974594604520993,81,4,-4.812603,310.9405,0.3144862651824951,130.38084411621094,21.259157180786133,169.84064,1.5943733,0.39552029967308044,123.5779037475586,73.25297546386719,304.39023,1.5524896,0.3517407178878784,128.9230499267578,124.76089477539062,260.10385,300.2309,0.4117836654186249,137.18377685546875,178.6984405517578,168.09030151367188,2.424166679382324,0.39431628584861755,139.6134033203125,231.1781463623047,304.41382,1.5506507,0.35047635436058044,138.15560913085938,288.51715087890625,168.20854,1.530451,0.40333878993988037,22.019882202148438,257.9039611816406,260.11298,300.2268,0.3416270911693573,270.8127746582031,252.0728759765625
1.2.643.5.1.13.13.12.2.77.8252.02030112081401101404040904010405,2.25.164566280810634620154538016595892212884,43,4,254.6871,281.2528,0.3243323266506195,149.39126586914062,32.6513671875,106.25436,289.83777,0.40026068687438965,150.27670288085938,83.56535339355469,296.93204,-4.771618,0.3531533479690552,153.37583923339844,133.1511688232422,217.24971,62.50038,0.40791141986846924,158.24586486816406,185.39334106445312,29.73047637939453,50.009971618652344,0.402544230222702,158.24586486816406,242.06283569335938,46.908333,99.99198,0.3716350793838501,,,228.17047,-0.057784095,0.4216063916683197,,,217.27713,62.49805,0.3460569381713867,,
1.2.643.5.1.13.13.12.2.77.8252.01091510011014070612050311031410,2.25.173731186748227489808861376513577450951,92,4,159.36208,291.5799,0.9962980151176453,167.21963500976562,4.792512893676758,159.36902,291.55502,0.9960325360298157,168.11126708984375,46.699180603027344,296.9277,-3.9884102,0.35305821895599365,164.99057006835938,97.96798706054688,201.61818,135.15033,0.39626064896583557,163.65310668945312,153.24911499023438,157.82716369628906,291.7567443847656,0.9734532833099365,159.1949462890625,204.07211303710938,157.81822,290.8618,0.9437168836593628,156.9658660888672,245.978759765625,157.81342,291.20612,0.9999412298202515,28.570972442626953,217.89239501953125,297.04272,290.63828,0.34357717633247375,281.79425048828125,231.26686096191406
1.2.643.5.1.13.13.12.2.77.8252.15000310101315070007100105150401,2.25.173753313169335820519632380691065649420,46,4,-6.5882025,313.88486,0.3089774250984192,120.38296508789062,3.801771879196167,169.79716,1.6083608,0.3941396474838257,124.30738830566406,50.89471435546875,305.63297,1.5668424,0.3518812656402588,129.21290588378906,103.38371276855469,-6.6898537,314.7717,0.3991929888725281,137.55226135253906,158.3254852294922,305.6730041503906,284.8984069824219,0.41046667098999023,144.4199981689453,213.26724243164062,305.65686,1.5654047,0.35047221183776855,143.929443359375,259.37908935546875,168.11609,1.5640365,0.4022514522075653,29.140382766723633,238.77590942382812,305.81055,284.7945,0.34207576513290405,257.73736572265625,227.00270080566406
1.2.643.5.1.13.13.12.2.77.8252.14060403060314010506081209070311,2.25.175881661753775295785039265792986971602,93,4,79.36542,185.41629,0.32133063673973083,,,243.67773,24.652868,0.4129588007926941,149.4827423095703,45.64413070678711,304.39398,1.5489928,0.35084882378578186,146.29196166992188,99.50826263427734,269.91742,310.9666,0.38702717423439026,141.88638305664062,161.61900329589844,22.19801902770996,44.293914794921875,0.3978854715824127,139.22085571289062,220.6962432861328,22.26062,44.276638,0.368158221244812,132.63563537597656,272.0057373046875,251.8338,1.5354981,0.38876017928123474,,,232.14067,47.589157,0.33827126026153564,272.08917236328125,254.76544189453125
1.2.643.5.1.13.13.12.2.77.8252.03050114141207061001080502130215,2.25.17706555930735581384953296958427669848,47,4,2.435224,289.86737,0.32096657156944275,132.56748962402344,14.499419212341309,6.2354865,54.725136,0.41332241892814636,137.88027954101562,59.21519088745117,296.92697,-4.772015,0.35171422362327576,144.52122497558594,100.83184814453125,254.696,264.05994,0.40414443612098694,151.1621856689453,154.4022216796875,21.885345458984375,56.19319152832031,0.410151869058609,151.6049041748047,210.6289825439453,9.402522,54.638763,0.3731608986854553,148.5057830810547,262.428466796875,112.47988,285.8539,0.4917851686477661,,,214.12451,50.01011,0.3540554344654083,,
1.2.643.5.1.13.13.12.2.77.8252.04100315041404021215101114140602,2.25.186201010600484120326273381077449377115,98,4,227.23236,18.04673,0.31723377108573914,140.0993194580078,6.6814494132995605,205.8551,1.6003389,0.4106266498565674,144.95855712890625,53.81603240966797,304.39487,1.5504673,0.35082754492759705,145.93038940429688,112.12686920166016,204.22758,2.4191449,0.41485339403152466,150.78961181640625,167.5221710205078,204.24310302734375,2.4427103996276855,0.3996778726577759,157.59255981445312,225.83299255371094,204.28159,1.5757211,0.37655627727508545,152.7333221435547,284.1438293457031,205.7804,1.529429,0.4106138348579407,31.252418518066406,228.2626190185547,204.30406,2.4057288,0.3540748953819275,248.9462127685547,232.1500244140625
1.2.643.5.1.13.13.12.2.77.8252.13140203110104081414101201001405,2.25.215177279960644564778148238928738915103,50,4,134.39713,292.57098,0.9001259803771973,120.78302001953125,27.03668785095215,134.4062,292.5006,0.9180527925491333,123.1829833984375,71.03668975830078,296.9265,-3.2088482,0.35178714990615845,124.78302001953125,109.43671417236328,176.6086,114.060486,0.38418129086494446,127.98297119140625,164.63668823242188,134.41880798339844,292.5689392089844,0.8069382905960083,130.38299560546875,215.03671264648438,134.38878,291.5743,0.7194056510925293,131.98297119140625,255.83670043945312,134.37607,292.0035,0.9849564433097839,,,151.64992,-3.2008665,0.32650473713874817,275.98297119140625,236.63668823242188
1.2.643.5.1.13.13.12.2.77.8252.10051211011505050506141504040101,2.25.234651502352368356456298825489565282446,53,4,78.05944,75.21532,0.3248960077762604,148.48495483398438,9.763589859008789,248.47177,21.895939,0.4096972346305847,154.3206787109375,63.18278884887695,296.91928,-3.2098584,0.35267412662506104,158.8096923828125,113.90858459472656,203.08101,149.9966,0.4033355414867401,164.1964874267578,166.42999267578125,126.54977416992188,-1.519278883934021,0.4236554205417633,163.29869079589844,222.54258728027344,75.02424,73.410416,0.3834529221057892,158.8096923828125,273.2684020996094,74.99851,292.2565,0.4195358157157898,,,246.87193,291.45416,0.34636127948760986,,
1.2.643.5.1.13.13.12.2.77.8252.08001013010106001102020015031109,2.25.286999464611662854355201599068538813496,60,4,148.4373,292.65707,0.5697325468063354,149.15830993652344,57.347076416015625,148.4353,292.52667,0.6294671893119812,153.64732360839844,101.11491394042969,245.32164,284.30054,0.3521682620048523,155.66737365722656,140.39373779296875,242.22281,282.75455,0.4212930202484131,155.66737365722656,190.89508056640625,148.45205688476562,292.48980712890625,0.5674858093261719,152.3006134033203,239.82528686523438,148.43343,291.61108,0.5169529318809509,146.24044799804688,280.89971923828125,148.40228,291.99298,0.817438542842865,19.650421142578125,253.51675415039062,253.07556,291.4636,0.3529019057750702,266.09698486328125,259.35247802734375
1.2.643.5.1.13.13.12.2.77.8252.02120204101515130306021007150210,2.25.314147167453134440746270747484612743945,4,4,-4.801366,310.93134,0.3143986463546753,,,56.57088,83.7058,0.4057139456272125,151.01048278808594,42.35603713989258,304.39172,1.5513681,0.351365327835083,149.55270385742188,98.72318267822266,207.56248,2.3927827,0.3871138393878937,153.4401092529297,158.9777069091797,58.25140380859375,83.6366195678711,0.40370386838912964,155.86972045898438,215.3448486328125,38.594482,72.15058,0.36889761686325073,159.27117919921875,284.8319091796875,207.5503,1.5429653,0.3921397626399994,29.043649673461914,262.47943115234375,58.22724,83.68265,0.330337792634964,286.0972595214844,246.92987060546875
1.2.643.5.1.13.13.12.2.77.8252.04091012040015061107090014081504,2.25.339027809107632348165171236474821772940,6,4,162.50833,290.84088,0.9999995231628418,148.495361328125,14.154659271240234,164.06645,290.81125,0.9999972581863403,160.0865936279297,63.64017868041992,296.9288,-3.9919527,0.35134831070899963,167.21963500976562,111.78826141357422,297.01425,236.65575,0.40469351410865784,171.67779541015625,152.8032989501953,164.06497192382812,290.9145202636719,0.999875545501709,169.44871520996094,201.8430633544922,164.0603,290.44028,0.9959737658500671,162.76148986816406,249.99110412597656,153.19475,290.7673,1.0,62.007144927978516,213.43423461914062,297.0552,236.64478,0.3493129014968872,276.4444580078125,200.50558471679688
1.2.643.5.1.13.13.12.2.77.8252.12111312010203070900101115051015,2.25.340839477910528898406207279980417945,7,4,39.46282,64.482925,0.3129120171070099,140.0364532470703,22.372148513793945,64.30779,99.10179,0.3980201780796051,146.39358520507812,69.31700897216797,305.49948,1.5573035,0.35101601481437683,150.7946319580078,119.19589233398438,191.50023,31.35593,0.4041007459163666,153.7287139892578,172.49790954589844,51.17692947387695,80.8936767578125,0.3924061059951782,153.7287139892578,224.3328094482422,19.798223,29.73902,0.36906883120536804,153.2396697998047,290.8380126953125,112.26913,140.33473,0.4088567793369293,,,-5.7956305,1.6018888,0.3404834568500519,,
1.2.643.5.1.13.13.12.2.77.8252.15141302131508150312140605060212,2.25.39068163399801173920284179500049527111,9,4,305.621,1.6209316,0.30609241127967834,134.6089630126953,58.25298309326172,174.73128,1.6074519,0.39185625314712524,138.53335571289062,108.28923034667969,305.63577,1.5656353,0.351144939661026,139.02394104003906,154.89161682128906,188.0033,102.683464,0.382034569978714,142.45777893066406,195.11688232421875,304.83416748046875,313.88818359375,0.41196808218955994,143.43887329101562,237.79481506347656,305.66022,1.5621974,0.3501856327056885,147.8538360595703,273.6051025390625,305.649,314.71054,0.4125712513923645,25.7065372467041,266.246826171875,305.71918,313.9006,0.3453402817249298,262.15234375,256.435791015625
1.2.643.5.1.13.13.12.2.77.8252.07120809010109050202061111011110,2.25.52532476139575422857225834315571570912,11,4,273.1541,278.67926,0.3649260997772217,152.7333221435547,61.5908317565918,271.60776,274.04776,0.43463969230651855,141.07115173339844,104.35209655761719,270.1184,275.67154,0.3805994987487793,128.4371337890625,144.1978302001953,271.6158,274.08563,0.41902387142181396,124.0638198852539,194.73388671875,271.5472717285156,274.0653076171875,0.4269062876701355,130.86676025390625,237.00926208496094,271.62106,274.12167,0.42602699995040894,143.50076293945312,289.9748840332031,273.26828,274.09723,0.48508983850479126,,,273.16104,277.15933,0.3630025386810303,,
1.2.643.5.1.13.13.12.2.77.8252.04050904100201141507070306131511,2.25.87869906212286587478854831452123526595,22,4,231.19081,67.7426,0.33117198944091797,126.34419250488281,58.558799743652344,16.501312,110.62267,0.41571810841560364,128.30023193359375,104.52562713623047,231.24178,64.42724,0.3533340394496918,134.65736389160156,161.7396697998047,231.14165,64.4083,0.4192637801170349,141.5034942626953,215.5306396484375,229.49024963378906,67.68719482421875,0.41155189275741577,146.88258361816406,267.3655700683594,231.14577,64.39141,0.3833884298801422,158.1297607421875,313.3323974609375,227.82373,69.32133,0.41917720437049866,,,231.15009,64.38712,0.371686190366745,275.9809265136719,264.9205322265625
