model,head,training_seconds,n,n_positive,n_negative,f1,f1_ci_low,f1_ci_high,f1_bootstrap_skipped_fraction,roc_auc,roc_auc_ci_low,roc_auc_ci_high,roc_auc_bootstrap_skipped_fraction,ap,ap_ci_low,ap_ci_high,ap_bootstrap_skipped_fraction,sensitivity,sensitivity_ci_low,sensitivity_ci_high,sensitivity_bootstrap_skipped_fraction,specificity,specificity_ci_low,specificity_ci_high,specificity_bootstrap_skipped_fraction
b2,region,350.24990011937916,252.0,153.0,99.0,0.9900990099009901,0.9782591764865232,1.0,0.0,1.0,0.9999999999999999,1.0,0.0,0.9999999999999999,0.9999999999999998,1.0000000000000002,0.0,0.9803921568627451,0.9574435651271407,1.0,0.0,1.0,1.0,1.0,0.0
b2,spine_any,350.24990011937916,99.0,31.0,68.0,0.5054945054945055,0.37209302325581395,0.6213592233009708,0.0,0.6617647058823529,0.5440958185518248,0.7727457448338202,0.0,0.4853806753663904,0.3270600324540813,0.6609411644330099,0.0,0.7419354838709677,0.5788676236044658,0.8928571428571429,0.0,0.45588235294117646,0.3333333333333333,0.5753528435035283,0.0
b2,spine_pos,350.24990011937916,99.0,6.0,93.0,0.46153846153846156,0.0,0.75,0.0,0.7508960573476702,0.42352338209219853,1.0,0.0020000000000000018,0.5862320386968274,0.07088928955367312,1.0,0.0020000000000000018,0.5,0.0,1.0,0.0020000000000000018,0.956989247311828,0.9139784946236559,0.9894736842105263,0.0
b2,spine_axis,350.24990011937916,99.0,10.0,89.0,0.1702127659574468,0.0392156862745098,0.3157894736842105,0.0,0.5713483146067416,0.37638327091136076,0.7710954275609446,0.0,0.17138154224220387,0.06584953229337852,0.423019388253618,0.0,0.4,0.1,0.75,0.0,0.6292134831460674,0.5237956810631229,0.7303582215778662,0.0
b2,spine_foreign,350.24990011937916,99.0,17.0,82.0,0.3333333333333333,0.15091981132075472,0.4905825885468387,0.0,0.6219512195121951,0.47063882856513384,0.7785609551738584,0.0,0.2789549928418963,0.1580329136845775,0.5114520846902628,0.0,0.47058823529411764,0.23076923076923078,0.7142857142857143,0.0,0.7195121951219512,0.625,0.8102067510548518,0.0
b2,hip_any,350.24990011937916,150.0,41.0,109.0,0.6,0.4444444444444444,0.7333544303797467,0.0,0.7982770194674423,0.6973035272277227,0.8871765102406696,0.0,0.6906199047295549,0.5244477069245995,0.818251293651085,0.0,0.5853658536585366,0.41172699849170435,0.7561140408701383,0.0,0.8623853211009175,0.7857142857142857,0.929828947368421,0.0
b2,hip_pos,350.24990011937916,150.0,36.0,114.0,0.5526315789473685,0.37037037037037035,0.7,0.0,0.7721734892787524,0.6634795303293856,0.8681476450493584,0.0,0.5894566948652757,0.38900267102636127,0.7618090185703493,0.0,0.5833333333333334,0.3947169059011164,0.76,0.0,0.8333333333333334,0.75,0.911504424778761,0.0
b2,hip_roi,350.24990011937916,150.0,7.0,143.0,0.6666666666666666,0.2,0.9090909090909091,0.0,0.8421578421578421,0.526963767331999,1.0,0.0020000000000000018,0.687544547398432,0.2491624635240966,1.0,0.0020000000000000018,0.7142857142857143,0.2,1.0,0.0020000000000000018,0.9790209790209791,0.9541984732824428,1.0,0.0
b2,any_all,350.24990011937916,249.0,72.0,177.0,0.5497076023391813,0.45154707044107967,0.6363636363636364,0.0,0.756669805398619,0.6820924820331278,0.8268483302522337,0.0,0.5991631397573818,0.4760172648139464,0.7127738825933657,0.0,0.6527777777777778,0.5365765288087664,0.7692567567567566,0.0,0.7062146892655368,0.6390491452991454,0.767574806949807,0.0
b2,macro_violations,350.24990011937916,,,,0.4368765612886554,0.29878374067937036,0.5194250100197771,0.0,,,,,,,,,,,,,,,,
