target,outer_fold,part,inner_fold,pos_images,neg_images,pos_studies,neg_studies
spine_any,0,outer_test,,6,14,6,14
spine_any,0,inner_train,1.0,19,40,19,40
spine_any,0,inner_train,2.0,19,40,19,40
spine_any,0,inner_train,3.0,18,41,18,41
spine_any,0,inner_train,4.0,19,41,19,41
spine_any,1,outer_test,,6,14,6,14
spine_any,1,inner_train,0.0,19,40,19,40
spine_any,1,inner_train,2.0,19,40,19,40
spine_any,1,inner_train,3.0,18,41,18,41
spine_any,1,inner_train,4.0,19,41,19,41
spine_any,2,outer_test,,6,14,6,14
spine_any,2,inner_train,0.0,19,40,19,40
spine_any,2,inner_train,1.0,19,40,19,40
spine_any,2,inner_train,3.0,18,41,18,41
spine_any,2,inner_train,4.0,19,41,19,41
spine_any,3,outer_test,,7,13,7,13
spine_any,3,inner_train,0.0,18,41,18,41
spine_any,3,inner_train,1.0,18,41,18,41
spine_any,3,inner_train,2.0,18,41,18,41
spine_any,3,inner_train,4.0,18,42,18,42
spine_any,4,outer_test,,6,13,6,13
spine_any,4,inner_train,0.0,19,41,19,41
spine_any,4,inner_train,1.0,19,41,19,41
spine_any,4,inner_train,2.0,19,41,19,41
spine_any,4,inner_train,3.0,18,42,18,42
spine_positioning,0,outer_test,,1,19,1,19
spine_positioning,0,inner_train,1.0,4,55,4,55
spine_positioning,0,inner_train,2.0,4,55,4,55
spine_positioning,0,inner_train,3.0,3,56,3,56
spine_positioning,0,inner_train,4.0,4,56,4,56
spine_positioning,1,outer_test,,1,19,1,19
spine_positioning,1,inner_train,0.0,4,55,4,55
spine_positioning,1,inner_train,2.0,4,55,4,55
spine_positioning,1,inner_train,3.0,3,56,3,56
spine_positioning,1,inner_train,4.0,4,56,4,56
spine_positioning,2,outer_test,,1,19,1,19
spine_positioning,2,inner_train,0.0,4,55,4,55
spine_positioning,2,inner_train,1.0,4,55,4,55
spine_positioning,2,inner_train,3.0,3,56,3,56
spine_positioning,2,inner_train,4.0,4,56,4,56
spine_positioning,3,outer_test,,2,18,2,18
spine_positioning,3,inner_train,0.0,3,56,3,56
spine_positioning,3,inner_train,1.0,3,56,3,56
spine_positioning,3,inner_train,2.0,3,56,3,56
spine_positioning,3,inner_train,4.0,3,57,3,57
spine_positioning,4,outer_test,,1,18,1,18
spine_positioning,4,inner_train,0.0,4,56,4,56
spine_positioning,4,inner_train,1.0,4,56,4,56
spine_positioning,4,inner_train,2.0,4,56,4,56
spine_positioning,4,inner_train,3.0,3,57,3,57
spine_axis,0,outer_test,,2,18,2,18
spine_axis,0,inner_train,1.0,6,53,6,53
spine_axis,0,inner_train,2.0,6,53,6,53
spine_axis,0,inner_train,3.0,6,53,6,53
spine_axis,0,inner_train,4.0,6,54,6,54
spine_axis,1,outer_test,,2,18,2,18
spine_axis,1,inner_train,0.0,6,53,6,53
spine_axis,1,inner_train,2.0,6,53,6,53
spine_axis,1,inner_train,3.0,6,53,6,53
spine_axis,1,inner_train,4.0,6,54,6,54
spine_axis,2,outer_test,,2,18,2,18
spine_axis,2,inner_train,0.0,6,53,6,53
spine_axis,2,inner_train,1.0,6,53,6,53
spine_axis,2,inner_train,3.0,6,53,6,53
spine_axis,2,inner_train,4.0,6,54,6,54
spine_axis,3,outer_test,,2,18,2,18
spine_axis,3,inner_train,0.0,6,53,6,53
spine_axis,3,inner_train,1.0,6,53,6,53
spine_axis,3,inner_train,2.0,6,53,6,53
spine_axis,3,inner_train,4.0,6,54,6,54
spine_axis,4,outer_test,,2,17,2,17
spine_axis,4,inner_train,0.0,6,54,6,54
spine_axis,4,inner_train,1.0,6,54,6,54
spine_axis,4,inner_train,2.0,6,54,6,54
spine_axis,4,inner_train,3.0,6,54,6,54
spine_foreign,0,outer_test,,3,17,3,17
spine_foreign,0,inner_train,1.0,10,49,10,49
spine_foreign,0,inner_train,2.0,11,48,11,48
spine_foreign,0,inner_train,3.0,11,48,11,48
spine_foreign,0,inner_train,4.0,10,50,10,50
spine_foreign,1,outer_test,,4,16,4,16
spine_foreign,1,inner_train,0.0,10,49,10,49
spine_foreign,1,inner_train,2.0,10,49,10,49
spine_foreign,1,inner_train,3.0,10,49,10,49
spine_foreign,1,inner_train,4.0,9,51,9,51
spine_foreign,2,outer_test,,3,17,3,17
spine_foreign,2,inner_train,0.0,11,48,11,48
spine_foreign,2,inner_train,1.0,10,49,10,49
spine_foreign,2,inner_train,3.0,11,48,11,48
spine_foreign,2,inner_train,4.0,10,50,10,50
spine_foreign,3,outer_test,,3,17,3,17
spine_foreign,3,inner_train,0.0,11,48,11,48
spine_foreign,3,inner_train,1.0,10,49,10,49
spine_foreign,3,inner_train,2.0,11,48,11,48
spine_foreign,3,inner_train,4.0,10,50,10,50
spine_foreign,4,outer_test,,4,15,4,15
spine_foreign,4,inner_train,0.0,10,50,10,50
spine_foreign,4,inner_train,1.0,9,51,9,51
spine_foreign,4,inner_train,2.0,10,50,10,50
spine_foreign,4,inner_train,3.0,10,50,10,50
hip_any,0,outer_test,,9,21,6,12
hip_any,0,inner_train,1.0,25,65,17,38
hip_any,0,inner_train,2.0,24,66,16,39
hip_any,0,inner_train,3.0,23,67,16,40
hip_any,0,inner_train,4.0,24,66,17,39
hip_any,1,outer_test,,7,23,5,14
hip_any,1,inner_train,0.0,25,65,17,38
hip_any,1,inner_train,2.0,26,64,17,37
hip_any,1,inner_train,3.0,25,65,17,38
hip_any,1,inner_train,4.0,26,64,18,37
hip_any,2,outer_test,,8,22,6,13
hip_any,2,inner_train,0.0,24,66,16,39
hip_any,2,inner_train,1.0,26,64,17,37
hip_any,2,inner_train,3.0,24,66,16,39
hip_any,2,inner_train,4.0,25,65,17,38
hip_any,3,outer_test,,9,21,6,12
hip_any,3,inner_train,0.0,23,67,16,40
hip_any,3,inner_train,1.0,25,65,17,38
hip_any,3,inner_train,2.0,24,66,16,39
hip_any,3,inner_train,4.0,24,66,17,39
hip_any,4,outer_test,,8,22,5,13
hip_any,4,inner_train,0.0,24,66,17,39
hip_any,4,inner_train,1.0,26,64,18,37
hip_any,4,inner_train,2.0,25,65,17,38
hip_any,4,inner_train,3.0,24,66,17,39
hip_positioning,0,outer_test,,7,23,5,13
hip_positioning,0,inner_train,1.0,22,68,14,38
hip_positioning,0,inner_train,2.0,22,68,14,39
hip_positioning,0,inner_train,3.0,21,69,14,40
hip_positioning,0,inner_train,4.0,22,68,15,39
hip_positioning,1,outer_test,,7,23,5,14
hip_positioning,1,inner_train,0.0,22,68,14,38
hip_positioning,1,inner_train,2.0,22,68,14,38
hip_positioning,1,inner_train,3.0,21,69,14,39
hip_positioning,1,inner_train,4.0,22,68,15,38
hip_positioning,2,outer_test,,7,23,5,13
hip_positioning,2,inner_train,0.0,22,68,14,39
hip_positioning,2,inner_train,1.0,22,68,14,38
hip_positioning,2,inner_train,3.0,21,69,14,40
hip_positioning,2,inner_train,4.0,22,68,15,39
hip_positioning,3,outer_test,,8,22,5,12
hip_positioning,3,inner_train,0.0,21,69,14,40
hip_positioning,3,inner_train,1.0,21,69,14,39
hip_positioning,3,inner_train,2.0,21,69,14,40
hip_positioning,3,inner_train,4.0,21,69,15,40
hip_positioning,4,outer_test,,7,23,4,13
hip_positioning,4,inner_train,0.0,22,68,15,39
hip_positioning,4,inner_train,1.0,22,68,15,38
hip_positioning,4,inner_train,2.0,22,68,15,39
hip_positioning,4,inner_train,3.0,21,69,15,40
hip_roi,0,outer_test,,2,28,1,14
hip_roi,0,inner_train,1.0,4,86,4,47
hip_roi,0,inner_train,2.0,4,86,4,47
hip_roi,0,inner_train,3.0,3,87,3,48
hip_roi,0,inner_train,4.0,4,86,4,47
hip_roi,1,outer_test,,1,29,1,16
hip_roi,1,inner_train,0.0,4,86,4,47
hip_roi,1,inner_train,2.0,5,85,4,45
hip_roi,1,inner_train,3.0,4,86,3,46
hip_roi,1,inner_train,4.0,5,85,4,45
hip_roi,2,outer_test,,1,29,1,16
hip_roi,2,inner_train,0.0,4,86,4,47
hip_roi,2,inner_train,1.0,5,85,4,45
hip_roi,2,inner_train,3.0,4,86,3,46
hip_roi,2,inner_train,4.0,5,85,4,45
hip_roi,3,outer_test,,2,28,2,15
hip_roi,3,inner_train,0.0,3,87,3,48
hip_roi,3,inner_train,1.0,4,86,3,46
hip_roi,3,inner_train,2.0,4,86,3,46
hip_roi,3,inner_train,4.0,4,86,3,46
hip_roi,4,outer_test,,1,29,1,16
hip_roi,4,inner_train,0.0,4,86,4,47
hip_roi,4,inner_train,1.0,5,85,4,45
hip_roi,4,inner_train,2.0,5,85,4,45
hip_roi,4,inner_train,3.0,4,86,3,46
