study_n,study,fold
1,2.25.306921081709806079165809721263236241032,2
2,2.25.307021710202910067378603383388989711646,3
3,2.25.309085571913348252136520206003694446566,3
4,2.25.314147167453134440746270747484612743945,4
5,2.25.338439598607961312040815816824093323492,2
6,2.25.339027809107632348165171236474821772940,4
7,2.25.340839477910528898406207279980417945,4
8,2.25.37515662379281069436632838996073181551,0
9,2.25.39068163399801173920284179500049527111,4
10,2.25.48906424954135283790354958243772558962,1
11,2.25.52532476139575422857225834315571570912,4
12,2.25.52982400970721161435951723390541696819,3
13,2.25.54396839637320114639948764487283877793,1
14,2.25.59542620917302828428419211045951914336,3
15,2.25.65954778282254353457041255543338557112,1
16,2.25.66397484472966116002950503539482860450,0
17,2.25.73070100851377917031356937075051545239,2
18,2.25.76710355977373089612172037086913478687,1
19,2.25.78999454687125053757525542837745968726,1
20,2.25.82912555346523716720160717883917565880,3
21,2.25.87718478011637131470224319788530286374,2
22,2.25.87869906212286587478854831452123526595,4
23,2.25.91981043841368764114007975581101713077,0
24,1.2.840.113619.2.110.512719.20250403090444,2
25,1.2.840.113619.2.110.512719.20250403092052,3
26,1.2.840.113619.2.110.512719.20250407113211,0
27,2.25.10245777060263212829333021434108890537,2
28,2.25.102755089973625799055786462646268820450,2
29,2.25.108537195937431169718850276671337677972,2
30,2.25.112621744005021908434051268014787122937,1
31,2.25.114887542067602662452692698814728642117,0
32,2.25.122446767306607067205618235949445789306,3
33,2.25.124890633326693921702195356152595253940,0
34,2.25.125521310320333648427417313254965624364,3
35,2.25.127126130998341190348103034690069487890,3
36,2.25.128630285053087246379265602913470285158,2
37,2.25.132272637351979990811754009849547633391,2
38,2.25.137675513852774974135210999345676405116,3
39,2.25.13983650679559142983913935144968795415,1
40,2.25.145848300160680194368420189079847088556,3
41,2.25.151186844055172005615813066162721550889,3
42,2.25.158197739569377798130962967413133224194,0
43,2.25.164566280810634620154538016595892212884,4
44,2.25.165091430504580219034019815337441064349,1
45,2.25.167344201679287285499405412654740659745,1
46,2.25.173753313169335820519632380691065649420,4
47,2.25.17706555930735581384953296958427669848,4
48,2.25.177745077805190810016231350557005569203,0
49,2.25.13566237352084812982996047541944701548,0
50,2.25.215177279960644564778148238928738915103,4
51,2.25.217397325224876728316360420804118329081,2
52,2.25.220866240977467582196609708837940253840,0
53,2.25.234651502352368356456298825489565282446,4
54,2.25.247714038039430659432048101646401574824,1
55,2.25.269648774413746842548908998641183395622,1
56,2.25.269742577365511543488820993979123763373,3
57,2.25.272690031744216183651627058502316132741,0
58,2.25.276415754443998872860614500027519740375,2
59,2.25.277752758923974029595977676354128739670,3
60,2.25.286999464611662854355201599068538813496,4
61,2.25.29638026465755240167985424461715024381,1
62,2.25.322202456901330781765399791024580391565,0
63,2.25.102965897799404973225419898683246248872,0
64,2.25.103868781101960771917584077315578649178,2
65,2.25.105033841136787477881326326053319223817,2
66,2.25.11175860580562939441493697221497597640,4
67,2.25.116822802042655971810859435524105064465,3
68,2.25.123175695355749859846173904788591707879,4
69,2.25.126293418391331346694592071563510265596,1
70,2.25.12798473087614376830819854616447908612,4
71,2.25.128197189461989832465575162384360009377,0
72,2.25.128990540359421489042453547244535073735,2
73,2.25.129239680100193368599713239115902740628,2
74,2.25.13069823278093578548407087310307113784,0
75,2.25.132083163398091874662674590622589534350,1
76,2.25.13325817932854000792938662637654885530,2
77,2.25.134456506307367483341018281460841912845,0
78,2.25.135241889065705954191821710363605596815,1
79,2.25.137344827330550141320158285144101816664,2
80,2.25.144941557565802351596730914409170713112,0
81,2.25.156021661584944120526934974594604520993,4
82,2.25.156375884487675936513403083218009333856,2
83,2.25.156389075510671877606923458507011517218,3
84,2.25.157462338378550185821790046400986801350,3
85,2.25.158646777318759504110695916200521633609,0
86,2.25.159930383074323525630608416881201447861,3
87,2.25.165355673991587715046346525964554729786,2
88,2.25.16773626720107440979805052259711419763,0
89,2.25.168317503020329569414190677927680518621,3
90,2.25.169242707068684757906797344800977707240,1
91,2.25.172445998420765569384934552191547932566,0
92,2.25.173731186748227489808861376513577450951,4
93,2.25.175881661753775295785039265792986971602,4
94,2.25.175903805423871105435148927871625232853,1
95,2.25.178533355209696795441380751187185128893,1
96,2.25.181196659018348153828200695057897449628,2
97,2.25.184198356665635336833172191504278054074,3
98,2.25.186201010600484120326273381077449377115,4
99,2.25.190331309633057244929837507901317950031,1
100,2.25.190807933410234695931591553323782771995,1
